emresa,categoria_principal,subcategoria,subcategoria2
GVB - virtualização de construções,Projeto e Viabilidade,BIM,
iterCode - tecnologia para engenharia,Projeto e Viabilidade,BIM,
smartBIIM - tecnologia para gestão de obras,Projeto e Viabilidade,BIM,
INCO,Projeto e Viabilidade,Crowfunding,
CapRate Investimentos,Projeto e Viabilidade,Crowfunding,
urbe.me,Projeto e Viabilidade,Crowfunding,
vanguardi,Projeto e Viabilidade,Crowfunding,
ROCK,Projeto e Viabilidade,Crowfunding,
bloxs,Projeto e Viabilidade,Crowfunding,
Imobcoin,Projeto e Viabilidade,Crowfunding,
Investweb,Projeto e Viabilidade,Crowfunding,
crawly,Projeto e Viabilidade,Inteligência de mercado,
ALLIANCE CONSÓRCIOS,Projeto e Viabilidade,Inteligência de mercado,
giica,Projeto e Viabilidade,Inteligência de mercado,
PROSPECTA - relatório de obras,Projeto e Viabilidade,Inteligência de mercado,
Obra.ai,Projeto e Viabilidade,Inteligência de mercado,
HOFF ANALYTICS - big data solutions,Projeto e Viabilidade,Inteligência de mercado,
Rede de Obras,Projeto e Viabilidade,Inteligência de mercado,
DATALAND - land powered by data science,Projeto e Viabilidade,Inteligência de mercado,
isket,Projeto e Viabilidade,Inteligência de mercado,
urbit,Projeto e Viabilidade,Inteligência de mercado,
INTEC,Projeto e Viabilidade,Inteligência de mercado,
propdo,Projeto e Viabilidade,Inteligência de mercado,
comproterreno,Projeto e Viabilidade,Terrenos,
BUSCA TERRA,Projeto e Viabilidade,Terrenos,
1M2,Projeto e Viabilidade,Terrenos,
GISBASE - geoinformation system,Projeto e Viabilidade,Terrenos,Dados Fundiários
Geomart,Projeto e Viabilidade,Terrenos,Dados Fundiários
Solo landbank,Projeto e Viabilidade,Terrenos,Intermediação Digital
AGREGA - desenvolvimento imobiliário,Projeto e Viabilidade,Terrenos,Intermediação Digital
allrea,Projeto e Viabilidade,Terrenos,Portal
Terreno Livre,Projeto e Viabilidade,Terrenos,Portal
FazendaAberta,Projeto e Viabilidade,Terrenos,Portal
MyTower,Projeto e Viabilidade,Terrenos,Portal
Vértice PRO,Projeto e Viabilidade,Burocracia pública,
APROVA DIGITAL,Projeto e Viabilidade,Burocracia pública,
APROVA LEGAL,Projeto e Viabilidade,Burocracia pública,
USU CAMPEÃO - regularize seu imóvel,Projeto e Viabilidade,Burocracia pública,
no cartório.com,Projeto e Viabilidade,Burocracia pública,
Regular Easy - regularizações imobiliárias,Projeto e Viabilidade,Burocracia pública,
reguLARiza! Brasil,Projeto e Viabilidade,Burocracia pública,
CASOCA,Projeto e Viabilidade,Projeto,Catálogo de Produtos
wikeep,Projeto e Viabilidade,Projeto,Catálogo de Produtos
123 Projetei,Projeto e Viabilidade,Projeto,Catálogo de Produtos
ARQUILEGO,Projeto e Viabilidade,Projeto,Contratação de Projetistas e Arquitetos
iENG - projetistas especializados,Projeto e Viabilidade,Projeto,Contratação de Projetistas e Arquitetos
INOVA URBIS,Projeto e Viabilidade,Projeto,Contratação de Projetistas e Arquitetos
arco,Projeto e Viabilidade,Projeto,Gestão de Projetos
construflow,Projeto e Viabilidade,Projeto,Gestão de Projetos
Refresher,Projeto e Viabilidade,Projeto,Gestão de Projetos
aerosim,Projeto e Viabilidade,Projeto,Modelagem
arqgen,Projeto e Viabilidade,Projeto,Modelagem
ocalev - inovação em engenharia,Projeto e Viabilidade,Projeto,Modelagem
Gabster,Projeto e Viabilidade,Projeto,Modelagem
PrevSis,Projeto e Viabilidade,Projeto,Modelagem
mooble.com,Projeto e Viabilidade,Projeto,Modelagem
urbIA,Projeto e Viabilidade,Projeto,Modelagem
seabra - soluções inteligentes,Projeto e Viabilidade,Projeto,Modelagem
MONÍ,Projeto e Viabilidade,Projeto,Pré-projeto
instacasa - sua casa num instante,Projeto e Viabilidade,Projeto,Pré-projeto
HYGGE,Projeto e Viabilidade,Sustentabilidade,
endelevo - soluções sustentáveis,Projeto e Viabilidade,Sustentabilidade,
CUB,Projeto e Viabilidade,Loteamentos,
trilote,Projeto e Viabilidade,Loteamentos,
Terravista,Projeto e Viabilidade,Loteamentos,Plataforma de Gestão
hent,Projeto e Viabilidade,Loteamentos,Plataforma de Gestão
scae,Projeto e Viabilidade,Loteamentos,Plataforma de Gestão
Mapzer,Projeto e Viabilidade,Smart city,
INFRACITIES,Projeto e Viabilidade,Smart city,
estrelas ARCHI,Projeto e Viabilidade,Outros,
we.br,Projeto e Viabilidade,Outros,
NIMBUS,Projeto e Viabilidade,Outros,
ConstruMoney,Projeto e Viabilidade,Outros,
itemize,Projeto e Viabilidade,Outros,
SOND,Projeto e Viabilidade,Geotecnia e Topografia,
DUNA SYSTEM,Projeto e Viabilidade,Geotecnia e Topografia,
MEU AGRIMENSOR,Projeto e Viabilidade,Geotecnia e Topografia,
constru liga,Construção,Conteúdo,
connecteng,Construção,Conteúdo,
engplay,Construção,Conteúdo,
CONSTRUÇÃO CIVIL - teoria e prática,Construção,Conteúdo,
BORA na OBRA,Construção,Conteúdo,
SIENSU,Construção,Orçamento de obra,
cugconsultoria,Construção,Orçamento de obra,
custoEXPRESSO,Construção,Orçamento de obra,
euconstruindo.com,Construção,Orçamento de obra,
Rubk,Construção,Orçamento de obra,
ecustos,Construção,Orçamento de obra,
hallco,Construção,Orçamento de obra,
easy supply,Construção,Orçamento de obra,
TEC4WEB,Construção,Orçamento de obra,
WeObra,Construção,Orçamento de obra,
OrçaFascio - software para engenharia,Construção,Orçamento de obra,
CONSTRUP - Construindo soluções,Construção,Orçamento de obra,
ALÔ SERRALHEIRO,Construção,Orçamento de obra,
celere - consultoria de eficiência da construção,Construção,Orçamento de obra,
ubuild,Construção,Gestão da obra,Diário de Obras
dia de obra,Construção,Gestão da obra,
oppem,Construção,Gestão da obra,
DIÀRIO DE OBRAS,Construção,Gestão da obra,
rdo,Construção,Gestão da obra,
co.urban,Construção,Gestão da obra,Inspeção e Monitoramento
QualiTab,Construção,Gestão da obra,Inspeção e Monitoramento
kartado,Construção,Gestão da obra,Inspeção e Monitoramento
INMETA software,Construção,Gestão da obra,Inspeção e Monitoramento
CIANOVE,Construção,Gestão da obra,IoT
ConnectData,Construção,Gestão da obra,IoT
PHYGITALL,Construção,Gestão da obra,IoT
PLIPPE,Construção,Gestão da obra,IoT
Hitemp - soluções tecnológicas,Construção,Gestão da obra,IoT
novidá,Construção,Gestão da obra,IoT
data life - GLOBAL,Construção,Gestão da obra,IoT
Syncker,Construção,Gestão da obra,Planejamento e Controle com AR
allie,Construção,Gestão da obra,Planejamento e Controle com AR
SUPERVIZ,Construção,Gestão da obra,Planejamento e Controle com AR
aug(in),Construção,Gestão da obra,Planejamento e Controle com AR
IN BUILT,Construção,Gestão da obra,Planejamento e Controle com AR
octágora,Construção,Gestão da obra,Gestão de Tarefas e Comunicação
appOBRA,Construção,Gestão da obra,Gestão de Tarefas e Comunicação
PILAR,Construção,Gestão da obra,Gestão de Tarefas e Comunicação
toki,Construção,Gestão da obra,Gestão de Tarefas e Comunicação
builtek,Construção,Gestão da obra,Gestão de Tarefas e Comunicação
BRICK UP,Construção,Gestão da obra,Gestão de Tarefas e Comunicação
CONSTRUCT IN,Construção,Gestão da obra,Planejamento e Controle
construct web - gestão eficiente de obras,Construção,Gestão da obra,Planejamento e Controle
construo - gestão de projetos para obras,Construção,Gestão da obra,Planejamento e Controle
stantControle,Construção,Gestão da obra,Planejamento e Controle
CONSTRU CODE,Construção,Gestão da obra,Planejamento e Controle
EAP - engenharia de alta performance,Construção,Gestão da obra,Planejamento e Controle
BOX OBRAS,Construção,Gestão da obra,Planejamento e Controle
Construpoint,Construção,Gestão da obra,Planejamento e Controle
concretto - o app de quem constrói,Construção,Gestão da obra,Planejamento e Controle
makasí,Construção,Gestão da obra,Planejamento e Controle
prevision,Construção,Gestão da obra,Planejamento e Controle
obrafit,Construção,Gestão da obra,Planejamento e Controle
lumina,Construção,Gestão da obra,Planejamento e Controle
Civil Control,Construção,Gestão da obra,Planejamento e Controle
Obra.lean,Construção,Gestão da obra,Planejamento e Controle
obra prima,Construção,Gestão da obra,Planejamento e Controle
OBRA NA MÃO - Gestão da Construção,Construção,Gestão da obra,Planejamento e Controle
ARQUIS,Construção,Gestão da obra,Planejamento e Controle
ConsLog,Construção,Gestão da obra,Planejamento e Controle
SIGO - ERP,Construção,Gestão da obra,Planejamento e Controle
mais controle,Construção,Gestão da obra,Planejamento e Controle
Hinc,Construção,Gestão da obra,Planejamento e Controle
VEJAOBRA,Construção,Gestão da obra,Planejamento e Controle
VIGHA,Construção,Gestão da obra,Planejamento e Controle
OBRAPLAY,Construção,Gestão da obra,Planejamento e Controle
nimble - virtual solutions,Construção,Gestão da obra,Planejamento e Controle
KOPER,Construção,Gestão da obra,Planejamento e Controle
Everflow,Construção,Gestão da obra,Planejamento e Controle
GERENCIA OBRAS,Construção,Gestão da obra,Planejamento e Controle
melius - qualidade,Construção,Gestão da obra,Planejamento e Controle
GESTOP - Gestão Transparente de Obras Públicas,Construção,Gestão da obra,Planejamento e Controle
GO - GestorObras,Construção,Gestão da obra,Planejamento e Controle
verum.digital,Construção,Gestão da obra,Planejamento e Controle
AGILEAN - Aplicativo de Gestão Integrada Lean,Construção,Gestão da obra,Planejamento e Controle
GESCORPGO,Construção,Gestão da obra,Planejamento e Controle
GERO OBRAS,Construção,Gestão da obra,Planejamento e Controle
igile.com,Construção,Gestão da obra,Planejamento e Controle
coordly,Construção,Gestão de documentos,
todall,Construção,Gestão de documentos,
analize,Construção,Gestão de documentos,
oppem.,Construção,Gestão de documentos,
CASABRUTA - shopping virtual da construção,Construção,Gestão de documentos,
Datanomik,Construção,Gestão financeira,
"EVOP - Orçamento, Planejamento e Gestão de Obras",Construção,Gestão financeira,
habitissimo,Construção,MDO,Contratação e Treinamento
CONSTRUCONNECT,Construção,MDO,Contratação e Treinamento
ConstruMatch!,Construção,MDO,Contratação e Treinamento
Parceiro da Construção,Construção,MDO,Contratação e Treinamento
Esphera academy,Construção,MDO,Contratação e Treinamento
izicasa,Construção,MDO,Contratação e Treinamento
Jobber,Construção,MDO,Contratação e Treinamento
estudeAE,Construção,MDO,Contratação e Treinamento
bilds.com,Construção,MDO,Contratação e Treinamento
Tecza,Construção,MDO,Contratação e Treinamento
portal acústica,Construção,MDO,Contratação e Treinamento
SMART SKY - Tech Hub,Construção,MDO,Contratação e Treinamento
Quem Contrato,Construção,MDO,Contratação e Treinamento
Construgame,Construção,MDO,Gestão
mentor construção,Construção,MDO,Gestão
team move,Construção,MDO,Gestão
CLICK PONTO,Construção,MDO,Gestão
ON SAFETY,Construção,MDO,Segurança
OITCHAU,Construção,MDO,Segurança
-,Construção,MDO,Segurança
SafetyTec,Construção,MDO,Segurança
MuvRental,Construção,Maquinário e materiais,Aluguel e Aquisição de Maquinário
andaluga - locação de máquinas,Construção,Maquinário e materiais,Aluguel e Aquisição de Maquinário
Trucadão,Construção,Maquinário e materiais,Aluguel e Aquisição de Maquinário
VAI LOCAR equipamentos,Construção,Maquinário e materiais,Aluguel e Aquisição de Maquinário
RENDALOMAQ,Construção,Maquinário e materiais,Aluguel e Aquisição de Maquinário
Alugalogo,Construção,Maquinário e materiais,Aluguel e Aquisição de Maquinário
SANSTONE,Construção,Maquinário e materiais,Cotação de Materiais
FLOPO,Construção,Maquinário e materiais,Cotação de Materiais
ORÇAQUI,Construção,Maquinário e materiais,Cotação de Materiais
cotacasa,Construção,Maquinário e materiais,Cotação de Materiais
Achei4u,Construção,Maquinário e materiais,Cotação de Materiais
nanoprice,Construção,Maquinário e materiais,Cotação de Materiais
expert,Construção,Maquinário e materiais,Cotação de Materiais
membran-i,Construção,Maquinário e materiais,Cotação de Materiais
concreto usinado .com.br,Construção,Maquinário e materiais,Cotação de Materiais
materiaL agora!,Construção,Maquinário e materiais,Cotação de Materiais
CONSTRUP - construindo soluções,Construção,Maquinário e materiais,Cotação de Materiais
painel de preços da construção,Construção,Maquinário e materiais,Cotação de Materiais
EU NA OBRA .com,Construção,Maquinário e materiais,Cotação de Materiais
CONCRETE JÁ,Construção,Maquinário e materiais,Cotação de Materiais
LojadaConstrução,Construção,Maquinário e materiais,Marketplace de Materiais
casa e garagem,Construção,Maquinário e materiais,Marketplace de Materiais
construHUB,Construção,Maquinário e materiais,Marketplace de Materiais
syx,Construção,Maquinário e materiais,Marketplace de Materiais
fobbi,Construção,Maquinário e materiais,Marketplace de Materiais
COBUILD,Construção,Maquinário e materiais,Marketplace de Materiais
Obra Tá On,Construção,Maquinário e materiais,Marketplace de Materiais
Sooper,Construção,Maquinário e materiais,Marketplace de Materiais
oruby - o seu portal da construção,Construção,Maquinário e materiais,Marketplace de Materiais
iBuild,Construção,Maquinário e materiais,Marketplace de Materiais
obra show - delivery da construção,Construção,Maquinário e materiais,Marketplace de Materiais
333OBRA - O mercado da Construção,Construção,Maquinário e materiais,Marketplace de Materiais
teky,Construção,Maquinário e materiais,Marketplace de Materiais
CASABRUTA - shopping virtual da construção,Construção,Maquinário e materiais,Marketplace de Materiais
estoque parado,Construção,Maquinário e materiais,Marketplace de Materiais
mercadão da obra,Construção,Maquinário e materiais,Marketplace de Materiais
Hidrau conex - materiais hidráulicos,Construção,Maquinário e materiais,Marketplace de Materiais
SOS OBRA,Construção,Maquinário e materiais,Marketplace de Materiais
Arqplace - Arquitetura no lugar certo,Construção,Maquinário e materiais,Marketplace de Materiais
Mercado Obra,Construção,Maquinário e materiais,Marketplace de Materiais
ALMOX,Construção,Maquinário e materiais,Gestão de Estoque
james tip,Construção,Maquinário e materiais,Gestão de Estoque
ALMOB - Gestão para Almoxarifado,Construção,Maquinário e materiais,Gestão de Estoque
SupplyMaps - Soluções em compras B2B,Construção,Maquinário e materiais,Gestão de Estoque
zatio,Construção,Maquinário e materiais,Gestão de Estoque
CPallet,Construção,Maquinário e materiais,Gestão de Estoque
GaussFleet,Construção,Maquinário e materiais,Telemetria
BobTon - Conectando a Construção do País,Construção,Maquinário e materiais,Telemetria
upgrade,Construção,Materiais de construção,
JASMMÍN,Construção,Materiais de construção,
MOSHE 3000,Construção,Materiais de construção,
MASSIVA,Construção,Materiais de construção,
Smartop,Construção,Materiais de construção,
STEEL MOLD,Construção,Materiais de construção,
isobloco - Smart Buildingtech,Construção,Materiais de construção,
Lightwall,Construção,Materiais de construção,
X LAM ENGINEERING,Construção,Materiais de construção,
Tetris Modular,Construção,Materiais de construção,
-,Construção,Materiais de construção,
TimBau Estruturas,Construção,Materiais de construção,
EBRICKS,Construção,Materiais de construção,Novos Materiais
amera,Construção,Materiais de construção,Novos Materiais
ECOTELHASOLAR,Construção,Materiais de construção,Novos Materiais
mush,Construção,Materiais de construção,Novos Materiais
Telhas TELITE,Construção,Materiais de construção,Novos Materiais
Tégula Solar,Construção,Materiais de construção,Novos Materiais
4VANTS - vision analytics,Construção,Mapeamento e acompanhamento,Drones
ALTAVE,Construção,Mapeamento e acompanhamento,Drones
Facilit'Air - Soluções por Drones,Construção,Mapeamento e acompanhamento,Drones
FLUGDRONES,Construção,Mapeamento e acompanhamento,Drones
BIMSTART,Construção,Mapeamento e acompanhamento,Drones
OBRA 3D,Construção,Mapeamento e acompanhamento,Drones
mappa,Construção,Mapeamento e acompanhamento,Drones
GEOINOVA,Construção,Mapeamento e acompanhamento,Drones
Maply,Construção,Mapeamento e acompanhamento,Drones
DronEng - Drones e Engenharia,Construção,Mapeamento e acompanhamento,Drones
LEVITAR - drone intelligence,Construção,Mapeamento e acompanhamento,Drones
"PROP - drones, soluções aéreas",Construção,Mapeamento e acompanhamento,Drones
PIX FORCE,Construção,Mapeamento e acompanhamento,Drones
LORD DRONE - imagens inteligentes,Construção,Mapeamento e acompanhamento,Drones
TERRA ump DRONES,Construção,Mapeamento e acompanhamento,Drones
WillFly,Construção,Mapeamento e acompanhamento,Drones
DURASA,Construção,Métodos construtivos,Construção Modular
AMERA,Construção,Métodos construtivos,Construção Modular
MINIMOD,Construção,Métodos construtivos,Construção Modular
immergrun - construções inteligentes,Construção,Métodos construtivos,Construção Modular
techome,Construção,Métodos construtivos,Construção Modular
inovahouse,Construção,Métodos construtivos,Construção Modular
VISIA,Construção,Métodos construtivos,Construção Modular
modulife - construção modular,Construção,Métodos construtivos,Construção Modular
iBUILD - construções inteligentes,Construção,Métodos construtivos,Construção Modular
CONTAINER EXPRESS,Construção,Métodos construtivos,Construção Modular
TEGO FRAME,Construção,Métodos construtivos,Construção Modular
oak offsite,Construção,Métodos construtivos,Construção Modular
CSTEEL,Construção,Métodos construtivos,Construção Modular
TCI,Construção,Métodos construtivos,Construção Modular
noah - wood building design,Construção,Métodos construtivos,Construção Modular
EcoNEXT - the next generation of building,Construção,Métodos construtivos,Construção Modular
MODUZ - construção modular,Construção,Métodos construtivos,Construção Modular
tinylife,Construção,Métodos construtivos,Construção Modular
CONTAINER MODULAR,Construção,Métodos construtivos,Construção Modular
Docking Modules - construindo o futuro,Construção,Métodos construtivos,Construção Modular
HEIMA SOLUTIONS,Construção,Métodos construtivos,Construção Modular
MODOOLAR - construções inteligentes,Construção,Métodos construtivos,Construção Modular
LOCARES - Casa Containers e Projetos Customizados,Construção,Métodos construtivos,Construção Modular
LOG BOXX,Construção,Métodos construtivos,Construção Modular
Universo dos Containers - projetos residenciais e comerciais,Construção,Métodos construtivos,Construção Modular
MORECO - modular rental company,Construção,Métodos construtivos,Construção Modular
K.BANA,Construção,Métodos construtivos,Construção Modular
d.,Construção,Métodos construtivos,Construção Modular
MODHUS - arquitetura modular,Construção,Métodos construtivos,Construção Modular
mora,Construção,Métodos construtivos,Construção Modular
-,Construção,Métodos construtivos,Construção Modular
tiny Brasil,Construção,Métodos construtivos,Construção Modular
cubicset - More for Less,Construção,Métodos construtivos,Construção Modular
STEEL GROUP,Construção,Métodos construtivos,Construção Modular
ARATAU Construção Modular,Construção,Métodos construtivos,Construção Modular
-,Construção,Métodos construtivos,Construção Modular
MODO,Construção,Métodos construtivos,Construção Modular
umbria construção modular,Construção,Métodos construtivos,Construção Modular
capsu,Construção,Métodos construtivos,Construção Modular
-,Construção,Métodos construtivos,Construção Modular
PRISMA,Construção,Métodos construtivos,Construção Modular
DOMUS3D - printing the future in concrete,Construção,Métodos construtivos,Impressão 3D
nano¹,Construção,Métodos construtivos,Impressão 3D
BioBox - Sustainable Houses,Construção,Métodos construtivos,Pré-Fabricação
oztra,Construção,Métodos construtivos,Pré-Fabricação
smart pods,Construção,Métodos construtivos,Pré-Fabricação
esphera - Soluções Ambientais,Construção,Sustentabilidade,Redução e destino de resíduos
SkambO OBRA,Construção,Sustentabilidade,Redução e destino de resíduos
MEURESÍDUO,Construção,Sustentabilidade,Redução e destino de resíduos
eloverde,Construção,Sustentabilidade,Redução e destino de resíduos
NETResíduos,Construção,Sustentabilidade,Redução e destino de resíduos
Vertown - nada se perde,Construção,Sustentabilidade,Redução e destino de resíduos
ambisis - software para gestão ambiental,Construção,Sustentabilidade,Redução e destino de resíduos
B2Blue.com - valorizando seu resíduo,Construção,Sustentabilidade,Redução e destino de resíduos
okena,Construção,Sustentabilidade,Redução e destino de resíduos
destinejá,Construção,Sustentabilidade,Redução e destino de resíduos
aterra,Construção,Sustentabilidade,Redução e destino de resíduos
LANDAPP,Construção,Sustentabilidade,Redução e destino de resíduos
POLEN,Construção,Sustentabilidade,Redução e destino de resíduos
recigreen - tecnologia verde,Construção,Sustentabilidade,Redução e destino de resíduos
RECICLA.CLUB,Construção,Sustentabilidade,Redução e destino de resíduos
revi,Construção,Sustentabilidade,Redução e destino de resíduos
GREENPLAT - accelerating sustainable production,Construção,Sustentabilidade,Redução e destino de resíduos
ecomud - soluções ambientais e pavimentação,Construção,Sustentabilidade,Redução e destino de resíduos
FACILITAT - desempenho no pós-obra,Construção,Gestão pós obra,
app assist,Construção,Gestão pós obra,
PREDIALIZE,Construção,Gestão pós obra,
EASY ALERT,Construção,Gestão pós obra,
NAVE,Construção,Gestão pós obra,
vistora,Construção,Gestão pós obra,
FASTBUILT,Construção,Gestão pós obra,
linkana,Construção,Outros,
EXY - empowering people,Construção,Outros,
BrokerHunter,Aquisição,Conteúdo e educação,
Instituto Ciinco,Aquisição,Conteúdo e educação,
Corretor Global,Aquisição,Conteúdo e educação,
Play2sell,Aquisição,Conteúdo e educação,
havite,Aquisição,Site building,
Tecimob,Aquisição,Site building,
ImobiBrasil,Aquisição,Site building,
imobiliária ajato,Aquisição,Site building,
Kurole,Aquisição,Site building,
SIMO,Aquisição,Site building,
Crecido,Aquisição,Site building,
Beaver,Aquisição,Documentação e jurídico,
Vivalisto,Aquisição,Documentação e jurídico,
Portdata,Aquisição,Documentação e jurídico,
reserva.blue,Aquisição,Documentação e jurídico,
Cardeal,Aquisição,Documentação e jurídico,
RevoluTI,Aquisição,Documentação e jurídico,
ITDOC,Aquisição,Documentação e jurídico,
99contratos,Aquisição,Documentação e jurídico,
CoBenS,Aquisição,Documentação e jurídico,
Inteligência Cartorial,Aquisição,Documentação e jurídico,
,Aquisição,Recomendação de imóveis ,
livvu,Aquisição,Recomendação de imóveis ,
date a home,Aquisição,Recomendação de imóveis ,
LIVAR,Aquisição,Recomendação de imóveis ,
ImóveisPRO,Aquisição,Recomendação de imóveis ,
appê+,Aquisição,Recomendação de imóveis ,
Meu Imóvel,Aquisição,Recomendação de imóveis ,
Quero meu apê,Aquisição,Marketing digital,
ELEPHANTSKIN,Aquisição,Marketing digital,
Socialis,Aquisição,Marketing digital,
imox.ai,Aquisição,Marketing digital,
imobbox,Aquisição,Marketing digital,
Publimovel,Aquisição,Marketing digital,
Hub Growth,Aquisição,Marketing digital,
99web,Aquisição,Marketing digital,
innovv,Aquisição,Marketing digital,
liveprint!,Aquisição,Marketing digital,
praedium,Aquisição,CRM,
nia - tecnologia para negócios,Aquisição,CRM,
HYPNOBOX,Aquisição,CRM,
SOFT42,Aquisição,CRM,
ISMOB,Aquisição,CRM,
sohtec,Aquisição,CRM,
widesys,Aquisição,CRM,
capys,Aquisição,CRM,
Si9,Aquisição,CRM,
Fantástiko - marketplace imobiliário,Aquisição,CRM,
SMART - imobiliário,Aquisição,CRM,
Facilita.,Aquisição,CRM,
Housi'o,Aquisição,CRM,
Voa Corretor,Aquisição,CRM,
jetimob,Aquisição,CRM,
Lote Mobile,Aquisição,CRM,
Supremo - soluções integradas para imobiliárias,Aquisição,CRM,
FLIP,Aquisição,CRM,
cim imob,Aquisição,CRM,
RAUZEE,Aquisição,CRM,
flow leads,Aquisição,CRM,
Incorp mobile,Aquisição,CRM,
IMOBASE,Aquisição,CRM,
YouHome,Aquisição,CRM,
CV CRM - construtor de vendas,Aquisição,CRM,
C2S Contact2sale,Aquisição,Qualificação de Leads,
Leadster,Aquisição,Qualificação de Leads,
Morada (ai),Aquisição,Qualificação de Leads,
Marta - inteligência imobiliária,Aquisição,Qualificação de Leads,
Lydia - sistemas inteligentes,Aquisição,Qualificação de Leads,
harry,Aquisição,Qualificação de Leads,
roboticon,Aquisição,Qualificação de Leads,
99Leads,Aquisição,Qualificação de Leads,
bomlead.com,Aquisição,Qualificação de Leads,
OQ Digital,Aquisição,Qualificação de Leads,
Leads4Sales,Aquisição,Qualificação de Leads,
Bid Gram,Aquisição,Qualificação de Leads,
DynamoTech - Innovation...always,Aquisição,Qualificação de Leads,
imobilead,Aquisição,Qualificação de Leads,
Notificalead,Aquisição,Qualificação de Leads,
blisk solutions,Aquisição,Qualificação de Leads,
Leadfy,Aquisição,Qualificação de Leads,
LeadFlow,Aquisição,Qualificação de Leads,
blow,Aquisição,Canais de comunicação,
Intelizap business,Aquisição,Canais de comunicação,Chatbots
cosmobots,Aquisição,Canais de comunicação,Chatbots
Acelérion,Aquisição,Canais de comunicação,Chatbots
ezok.,Aquisição,Canais de comunicação,Chatbots
FireFly,Aquisição,Canais de comunicação,Chatbots
Mila,Aquisição,Canais de comunicação,Chatbots
duotalk,Aquisição,Canais de comunicação,Chatbots
asksuite,Aquisição,Canais de comunicação,Chatbots
Digit.ai - Solução MAGIT,Aquisição,Canais de comunicação,Chatbots
immobile - software imobiliário,Aquisição,Gestão de carteira,
Lastro,Aquisição,Gestão de carteira,
Risknow,Aquisição,Gestão de carteira,
tAlugado,Aquisição,Gestão de carteira,
Portal de Repasse,Aquisição,Gestão de carteira,
Forinvest,Aquisição,Gestão de carteira,
imobia - gestão imobiliária de um jeito fácil,Aquisição,Gestão de carteira,
Studio360,Aquisição,Inteligência imobiliária,
deepen,Aquisição,Inteligência imobiliária,
Locates,Aquisição,Inteligência imobiliária,
Captei,Aquisição,Inteligência imobiliária,
Terreno Certo - seu hub de negócios,Aquisição,Inteligência imobiliária,
Siila,Aquisição,Inteligência imobiliária,
fisgar,Aquisição,Inteligência imobiliária,
Inovyo - market intelligence,Aquisição,Inteligência imobiliária,
iConatus,Aquisição,Inteligência imobiliária,
Aluguel virtual,Aquisição,Inteligência imobiliária,
Avendre,Aquisição,Inteligência imobiliária,
Nivu,Aquisição,Inteligência imobiliária,
Quires,Aquisição,Inteligência imobiliária,
iion - inteligência imobiliária on demand,Aquisição,Inteligência imobiliária,
Trustdata (tech),Aquisição,Inteligência imobiliária,
36Zero,Aquisição,Inteligência imobiliária,
Neural Broker - inteligência artificial imobiliária,Aquisição,Assistente pessoal,
fechô,Aquisição,Assistente pessoal,
Sonho=Casa (saia do aluguel),Aquisição,Assistente pessoal,
campeia.,Aquisição,Esteira digital,
ruadois,Aquisição,Esteira digital,
Verta,Aquisição,Esteira digital,
apresenta.me,Aquisição,Esteira digital,
Alude,Aquisição,Esteira digital,
pipeimob - sistema de transações imobiliárias,Aquisição,Esteira digital,
Dommus (tecnologia),Aquisição,Esteira digital,
Alugamais,Aquisição,Esteira digital,
imóvelp,Aquisição,Agenciamento de imóveis,
HAUS agência imobiliária,Aquisição,Agenciamento de imóveis,
imobelix,Aquisição,Agenciamento de imóveis,
agencie imóveis,Aquisição,Agenciamento de imóveis,
MatchHouse,Aquisição,Listing,
Bel,Aquisição,Listing,
Buskaza,Aquisição,Listing,
zigoo,Aquisição,Listing,
mudee,Aquisição,Portal,
vertra,Aquisição,Portal,
apto,Aquisição,Portal,
SUB100,Aquisição,Portal,
trular,Aquisição,Portal,
nestoria,Aquisição,Portal,
imovelk,Aquisição,Portal,
terraz,Aquisição,Portal,
urbay,Aquisição,Portal,
ImóvelAPP,Aquisição,Portal,
iMudou,Aquisição,Portal,
estoque imóvel,Aquisição,Portal,
Meu metro²,Aquisição,Portal,
Haus Imobi (imóveis),Aquisição,Portal,
cliqueimudei,Aquisição,Portal,
doorz,Aquisição,Portal,
chaves na mão,Aquisição,Portal,
imovomap - um jeito novo de encontrar seu imóvel,Aquisição,Portal,
ClickGalpões,Aquisição,Portal,
especifica.,Aquisição,Portal,
imovago.com.br,Aquisição,Portal,
redeimcasa,Aquisição,Portal,
Só Casa Top,Aquisição,Portal,
Skymoby,Aquisição,Portal,
Bid Gram,Aquisição,Portal,
prop. menu,Aquisição,Portal,
web escritórios,Aquisição,Portal,
web industrial,Aquisição,Portal,
ANUVA,Aquisição,Portal,
Temporada Livre,Aquisição,Portal,Aluguel
WebQuarto,Aquisição,Portal,Aluguel
2lar.com,Aquisição,Portal,Aluguel
flat.com.br,Aquisição,Portal,Aluguel
viajar temporada,Aquisição,Portal,Aluguel
um/quarto (1/4),Aquisição,Portal,Aluguel
AlugaON,Aquisição,Portal,Aluguel
pousadas.top,Aquisição,Portal,Aluguel
DWV App,Aquisição,Canal de parcerias,
OTTO,Aquisição,Canal de parcerias,
Recruta-Imob,Aquisição,Canal de parcerias,
homer,Aquisição,Canal de parcerias,
movimobi,Aquisição,Canal de parcerias,
im7,Aquisição,Canal de parcerias,
imoveistock,Aquisição,Canal de parcerias,
BIGMOB,Aquisição,Canal de parcerias,
órulo,Aquisição,Canal de parcerias,
nonstop,Aquisição,Canal de parcerias,
meit,Aquisição,Canal de parcerias,
Rankim,Aquisição,Intermediação digital,
imóveisjet,Aquisição,Intermediação digital,
Pilar,Aquisição,Intermediação digital,
Lokkan - A imobiliária digital,Aquisição,Intermediação digital,
MySide,Aquisição,Intermediação digital,
test house,Aquisição,Intermediação digital,
Kenlo,Aquisição,Intermediação digital,
Quick2Sell,Aquisição,Intermediação digital,
Comprei,Aquisição,Intermediação digital,
nethomes,Aquisição,Intermediação digital,
AoCubo,Aquisição,Intermediação digital,
apê11,Aquisição,Intermediação digital,
Neo - New Estate Only,Aquisição,Intermediação digital,
Ymove,Aquisição,Intermediação digital,
Homeroque,Aquisição,Intermediação digital,
Newcore,Aquisição,Intermediação digital,
UBlink,Aquisição,Intermediação digital,
Capt Imóveis,Aquisição,Intermediação digital,
HomeHub - by Judice&Araujo,Aquisição,Intermediação digital,
LAR,Aquisição,Intermediação digital,
IMOTECH - inovação e tecnologia,Aquisição,Intermediação digital,
ocka,Aquisição,Intermediação digital,
Aluggar,Aquisição,Intermediação digital,Aluguel
7cantos.com,Aquisição,Intermediação digital,Aluguel
mobg,Aquisição,Intermediação digital,Aluguel
MUDEii,Aquisição,Intermediação digital,Aluguel
UP Estate,Aquisição,Intermediação digital,Aluguel
aluguel pago,Aquisição,Intermediação digital,Aluguel
BoldHouse,Aquisição,Intermediação digital,Aluguel
PlacetoBe,Aquisição,Intermediação digital,Aluguel Comercial
Silla Spot,Aquisição,Intermediação digital,Aluguel Comercial
Loppo,Aquisição,Intermediação digital,Aluguel Comercial
Matched,Aquisição,Intermediação digital,Aluguel Comercial
Plaza,Aquisição,Intermediação digital,Aluguel Comercial
alugaê,Aquisição,Intermediação digital,Aluguel Comercial
SuaQuadra,Aquisição,Intermediação digital,Aluguel Comercial
Symbaros,Aquisição,Intermediação digital,Aluguel Comercial
casaprogramada,Aquisição,Desitermediação,
Orbitare,Aquisição,Desitermediação,
Proprietário Direto,Aquisição,Desitermediação,
compre alugue agora,Aquisição,Desitermediação,
livima,Aquisição,Desitermediação,
ABRIGAR - LIcitações de imóveis particulares,Aquisição,Desitermediação,
zero comissão,Aquisição,Desitermediação,
VSIO,Aquisição,Desitermediação,
nobeehouse,Aquisição,Desitermediação,
mell.ro,Aquisição,Desitermediação,Aluguel
moben,Aquisição,Desitermediação,Aluguel
zimobi,Aquisição,Desitermediação,Aluguel
querolar,Aquisição,Desitermediação,Aluguel
ladyge,Aquisição,Plataforma de investimento,
CAPTAL,Aquisição,Plataforma de investimento,
Vórtx QR Tokenizadora,Aquisição,Plataforma de investimento,
invisto,Aquisição,Plataforma de investimento,
Capital Concreto - incorporação,Aquisição,Plataforma de investimento,
Tokeniza,Aquisição,Plataforma de investimento,
captur,Aquisição,Plataforma de investimento,
ribus,Aquisição,Plataforma de investimento,
neoin,Aquisição,Plataforma de investimento,
trix,Aquisição,Plataforma de investimento,
Ret Capital - Real Estate Tech,Aquisição,Plataforma de investimento,
Insignia,Aquisição,Plataforma de investimento,
revin.,Aquisição,Plataforma de investimento,
divvy,Aquisição,Plataforma de investimento,
liqi,Aquisição,Plataforma de investimento,
safe swap,Aquisição,Gestão de pagamentos,
Tikpag,Aquisição,Gestão de pagamentos,
SplitC,Aquisição,Gestão de pagamentos,
linkpay,Aquisição,Gestão de pagamentos,
bolsovirtual,Aquisição,Gestão de pagamentos,
Hashlar - Real Estate Crypto Payment,Aquisição,Gestão de pagamentos,
Safe2Go,Aquisição,Seguro,
credaluga,Aquisição,Seguro,
MigraSeguros,Aquisição,Seguro,
grazon,Aquisição,Seguro,
Fiança Rápida,Aquisição,Seguro,
Flix,Aquisição,Seguro,
180Seguros,Aquisição,Seguro,
granto seguros,Aquisição,Seguro,
Simple2u,Aquisição,Seguro,
bem.te.vi seguros,Aquisição,Seguro,
FCanalise digital,Aquisição,Análise de locatário,
euAcerto,Aquisição,Análise de locatário,
imobmeet,Aquisição,Showcase,
FOTOP,Aquisição,Showcase,
Alice Wonders - Tech Driven Experiences,Aquisição,Showcase,
FYRStudio,Aquisição,Showcase,Tour Virtual
3D explora,Aquisição,Showcase,Tour Virtual
piperz,Aquisição,Showcase,Tour Virtual
ATT,Aquisição,Showcase,Tour Virtual
SKYLINE - inovação & produções,Aquisição,Showcase,Tour Virtual
3 blocks,Aquisição,Showcase,Tour Virtual
My360 realidade virtual,Aquisição,Showcase,Tour Virtual
sheephouse,Aquisição,Showcase,Tour Virtual
Escala 3D,Aquisição,Showcase,Tour Virtual
tzs lab,Aquisição,Showcase,Tour Virtual
yourside group,Aquisição,Showcase,Tour Virtual
hollox,Aquisição,Showcase,VR
im xr,Aquisição,Showcase,VR
setvirtual,Aquisição,Showcase,VR
VOR,Aquisição,Showcase,VR
Dropview,Aquisição,Showcase,VR
Fuel,Aquisição,Showcase,VR
beupse,Aquisição,Showcase,VR
meu tour 360 - realidade virtual,Aquisição,Showcase,VR
VR one,Aquisição,Showcase,VR
MeuPasseioVirtual,Aquisição,Showcase,VR
XSpaces,Aquisição,Showcase,VR
iTeleport,Aquisição,Showcase,VR
GENIA,Aquisição,Showcase,VR
MVV Realidade Virtual,Aquisição,Showcase,VR
vistahub,Aquisição,Showcase,VR
banib - Tour Virtual para negócios,Aquisição,Showcase,VR
3D Pictures - visualizando o futuro,Aquisição,Showcase,VR
vila 360,Aquisição,Showcase,VR
blue storm studios,Aquisição,Showcase,VR
Bugaboo Studio,Aquisição,Showcase,VR
Garantii,Aquisição,Garantia Locatícia,
Alugue Certo,Aquisição,Garantia Locatícia,
ondasegura,Aquisição,Garantia Locatícia,
compagno,Aquisição,Garantia Locatícia,
locarmais,Aquisição,Garantia Locatícia,
tio Giba,Aquisição,Garantia Locatícia,
Seu Fiador,Aquisição,Garantia Locatícia,
Avalyst,Aquisição,Garantia Locatícia,
InMediam - Garantia Locatícia,Aquisição,Garantia Locatícia,
alpop,Aquisição,Garantia Locatícia,
soluzi - garantia locatícia,Aquisição,Garantia Locatícia,
u cred,Aquisição,Garantia Locatícia,
Fiantec - Fiança Locatícia,Aquisição,Garantia Locatícia,
MYDOOR,Aquisição,Fractional Ownership,
netspaces,Aquisição,Fractional Ownership,
Zuvia,Aquisição,Fractional Ownership,
junttus,Aquisição,Fractional Ownership,
2Share Multipropriedades,Aquisição,Fractional Ownership,
WEHO,Aquisição,Fractional Ownership,
ApolloEX,Aquisição,Fractional Ownership,
wconnect,Aquisição,Fractional Ownership,
sonica,Aquisição,Fractional Ownership,
AXT PropTech,Aquisição,Fractional Ownership,
flexu houses,Aquisição,Fractional Ownership,
Percento %,Aquisição,Fractional Ownership,
casaway,Aquisição,Fractional Ownership,
bomconsórcio,Aquisição,Captação de recursos,
DIRETO.,Aquisição,Captação de recursos,
klubi,Aquisição,Captação de recursos,
REEX,Aquisição,Captação de recursos,
FINANZ,Aquisição,Captação de recursos,
solv.,Aquisição,Captação de recursos,
VERSI,Aquisição,Captação de recursos,
consorciei,Aquisição,Captação de recursos,
andalafat negócios,Aquisição,Captação de recursos,
Parcelinha Digital,Aquisição,Captação de recursos,
AmFi,Aquisição,Captação de recursos,
NanoCapital,Aquisição,Captação de recursos,
UP Consórcios,Aquisição,Captação de recursos,
CREDUP - crédito incentivado,Aquisição,Captação de recursos,Home Equity
crediblue,Aquisição,Captação de recursos,Home Equity
Bank2B,Aquisição,Captação de recursos,Home Equity
bom pra crédito,Aquisição,Captação de recursos,Home Equity
aMORA,Aquisição,Captação de recursos,Home Equity
TKS Cash,Aquisição,Captação de recursos,Home Equity
Lend Me,Aquisição,Captação de recursos,Home Equity
house credi,Aquisição,Captação de recursos,Home Equity
Pontte,Aquisição,Captação de recursos,Home Equity
CrediCatarina,Aquisição,Captação de recursos,Home Equity
cedulla,Aquisição,Captação de recursos,Antecipação de Recebíveis
cashgo,Aquisição,Captação de recursos,Antecipação de Recebíveis
DUNNING - Gestão de Recebíveis,Aquisição,Captação de recursos,Antecipação de Recebíveis
Bold.Finance,Aquisição,Captação de recursos,Antecipação de Recebíveis
HOMELEND,Aquisição,Captação de recursos,Crédito Imobiliário
credikasa,Aquisição,Captação de recursos,Crédito Imobiliário
financiei.,Aquisição,Captação de recursos,Crédito Imobiliário
zixpay,Aquisição,Captação de recursos,Crédito Imobiliário
neohome,Aquisição,Captação de recursos,Crédito Imobiliário
R3KA,Aquisição,Captação de recursos,Crédito Imobiliário
Volpi,Aquisição,Captação de recursos,Crédito Imobiliário
Felí,Aquisição,Captação de recursos,Crédito Imobiliário
concede,Aquisição,Captação de recursos,Crédito Imobiliário
BRICKER,Aquisição,Captação de recursos,Crédito Imobiliário
LEVI,Aquisição,Captação de recursos,Crédito Imobiliário
APPROVA,Aquisição,Captação de recursos,Crédito Imobiliário
melhortaxa,Aquisição,Captação de recursos,Crédito Imobiliário
Consórcio eutbem ;-),Aquisição,Captação de recursos,Crédito Imobiliário
CrediHabitar,Aquisição,Captação de recursos,Crédito Imobiliário
Turn2C,Aquisição,Captação de recursos,Crédito Imobiliário
gruppi,Aquisição,Captação de recursos,Crédito Imobiliário
Mycon,Aquisição,Captação de recursos,Crédito Imobiliário
sejabest,Aquisição,Captação de recursos,Crédito Imobiliário
mudhra,Aquisição,Captação de recursos,Crédito Imobiliário
ASSINO - crédito imobiliário,Aquisição,Captação de recursos,Crédito Imobiliário
credimorar,Aquisição,Captação de recursos,Crédito Imobiliário
Mahauz,Aquisição,Captação de recursos,Crédito Imobiliário
EasyCrédito - seu crédito na palma da mão,Aquisição,Captação de recursos,Crédito Imobiliário
Investimento Certo,Aquisição,Captação de recursos,Crédito Imobiliário
Morada dos Sonhos,Aquisição,Captação de recursos,Crédito Imobiliário
Minha Casa Financiada,Aquisição,Captação de recursos,Crédito Imobiliário
avalion - avaliação e captação de imóveis,Aquisição,Valuation de imóveis,
EEmovel - inteligência imobiliária,Aquisição,Valuation de imóveis,
Konstit,Aquisição,Valuation de imóveis,
M² Info,Aquisição,Valuation de imóveis,
proto,Aquisição,Valuation de imóveis,
zuk,Aquisição,Imóveis estressados,
TEZA,Aquisição,Imóveis estressados,
Leeilo,Aquisição,Imóveis estressados,
solve,Aquisição,Imóveis estressados,
resale,Aquisição,Imóveis estressados,
ROOFTOP,Aquisição,Imóveis estressados,
Leilão Imóvel,Aquisição,Imóveis estressados,
MORADA,Aquisição,Imóveis estressados,
Procura Bem,Aquisição,Imóveis estressados,
BCO Leilões,Aquisição,Imóveis estressados,
D1Lance Leilões,Aquisição,Imóveis estressados,
SPY Leilões,Aquisição,Imóveis estressados,
WeMind Invest,Aquisição,Imóveis estressados,
BH Vistoria Predial,Aquisição,Vistoria de imóveis,
VISItown,Aquisição,Vistoria de imóveis,
CHECASA,Aquisição,Vistoria de imóveis,
vistoria completa,Aquisição,Vistoria de imóveis,
hauseful,Aquisição,Vistoria de imóveis,
gruporv - redevistorias e redeconfiax,Aquisição,Vistoria de imóveis,
Grupo palavra,Aquisição,Vistoria de imóveis,
Visita Virtual,Aquisição,Vistoria de imóveis,
r uu m,Aquisição,Virtual homestaging,
LAMBRIS,Aquisição,Virtual homestaging,
Personalar,Aquisição,Virtual homestaging,
REFITT,Aquisição,Ibuyer,
house flipping,Aquisição,Ibuyer,
ops ganhei,Aquisição,Outros,
Smart Imobi,Aquisição,Outros,
WeBro pay,Aquisição,Outros,
EXPANDIFY - Grow Your Business,Aquisição,Geomarketing,
OptPlacer,Aquisição,Geomarketing,
BestSpaces,Aquisição,Geomarketing,
linkages,Aquisição,Geomarketing,
Datlo,Aquisição,Geomarketing,
mapfry,Aquisição,Geomarketing,
space hunters,Aquisição,Geomarketing,
divid,Propriedade em Uso,Coliving,
oka,Propriedade em Uso,Coliving,
coliiv,Propriedade em Uso,Coliving,
yolo coliving,Propriedade em Uso,Coliving,
home team,Propriedade em Uso,Coliving,
Share Student Living,Propriedade em Uso,Student living,
Parkside,Propriedade em Uso,Student living,
UNIPOINT – Student Housing,Propriedade em Uso,Student living,
Uliving – Student Housing,Propriedade em Uso,Student living,
4student,Propriedade em Uso,Student living,
woba,Propriedade em Uso,Coworking,
outoo,Propriedade em Uso,Coworking,
dezker,Propriedade em Uso,Coworking,
Jobpass,Propriedade em Uso,Coworking,
conexa,Propriedade em Uso,Coworking,
gendo,Propriedade em Uso,Coworking,
Ybizza,Propriedade em Uso,Coworking,
Key Place - flexible spaces worldwide,Propriedade em Uso,Coworking,
SeniorOnline,Propriedade em Uso,Senior living,
Morar Sênior,Propriedade em Uso,Senior living,
gero360,Propriedade em Uso,Senior living,
portal casas de repouso – facilitando a vida,Propriedade em Uso,Senior living,
sssenior.com,Propriedade em Uso,Senior living,
Clinovi - consultórios com serviços,Propriedade em Uso,Compartilhamento de espaços,Consultórios
clina.care,Propriedade em Uso,Compartilhamento de espaços,Consultórios
Livance,Propriedade em Uso,Compartilhamento de espaços,Consultórios
Clinspace,Propriedade em Uso,Compartilhamento de espaços,Consultórios
wedoctors,Propriedade em Uso,Compartilhamento de espaços,Consultórios
veromobili,Propriedade em Uso,Decoração,
movêu,Propriedade em Uso,Decoração,Marketplace
cômodo.,Propriedade em Uso,Decoração,Marketplace
Criativando - Home Design,Propriedade em Uso,Decoração,Marketplace
sofá na caixa,Propriedade em Uso,Decoração,Marketplace
BOOBAM,Propriedade em Uso,Decoração,Marketplace
CLUB&CASA DESIGN,Propriedade em Uso,Decoração,Marketplace
oikko,Propriedade em Uso,Decoração,Marketplace
arquitetool,Propriedade em Uso,Decoração,Marketplace
CASA Z,Propriedade em Uso,Decoração,Marketplace
MeuMobbi,Propriedade em Uso,Decoração,Marketplace
archy.me,Propriedade em Uso,Decoração,Marketplace
CASAPRONTA - Design e Interiores,Propriedade em Uso,Decoração,Marketplace
weplan,Propriedade em Uso,Decoração,Marketplace
TUIM,Propriedade em Uso,Decoração,Assinatura
spaceflix,Propriedade em Uso,Decoração,Assinatura
BEM BACANA,Propriedade em Uso,Decoração,Assinatura
VIVADecora,Propriedade em Uso,Decoração,Referências Visuais
Redraw,Propriedade em Uso,Decoração,Referências Visuais
Star Colors,Propriedade em Uso,Decoração,Referências Visuais
yogha.,Propriedade em Uso,Gestão de propriedades,
VILA11,Propriedade em Uso,Gestão de propriedades,
belong,Propriedade em Uso,Gestão de propriedades,
Luggo,Propriedade em Uso,Gestão de propriedades,
me2rentals experience,Propriedade em Uso,Gestão de propriedades,
Administramos imóveis,Propriedade em Uso,Gestão de propriedades,
TABAS by BLUEGROUND,Propriedade em Uso,Gestão de propriedades,
YUCA,Propriedade em Uso,Gestão de propriedades,
VIVER my way,Propriedade em Uso,Gestão de propriedades,
Test Drive do Imóvel,Propriedade em Uso,Gestão de propriedades,
eConfor,Propriedade em Uso,Gestão de propriedades,
bnbguests,Propriedade em Uso,Gestão de propriedades,
tactu,Propriedade em Uso,Gestão de propriedades,Short Stay
charlie,Propriedade em Uso,Gestão de propriedades,Short Stay
seazone,Propriedade em Uso,Gestão de propriedades,Short Stay
Housi,Propriedade em Uso,Gestão de propriedades,Short Stay
conviva,Propriedade em Uso,Gestão de propriedades,Short Stay
wecare,Propriedade em Uso,Gestão de propriedades,Short Stay
MAHNAI,Propriedade em Uso,Gestão de propriedades,Short Stay
Super Anfitrião,Propriedade em Uso,Gestão de propriedades,Short Stay
535homes,Propriedade em Uso,Gestão de propriedades,Short Stay
anyLife,Propriedade em Uso,Gestão de propriedades,Short Stay
xtay,Propriedade em Uso,Gestão de propriedades,Short Stay
LikeHome - Gestão e Hospedagens,Propriedade em Uso,Gestão de propriedades,Short Stay
OBA APARTMENTS,Propriedade em Uso,Gestão de propriedades,Short Stay
be my guest,Propriedade em Uso,Gestão de propriedades,Short Stay
Trevizzo,Propriedade em Uso,Gestão de propriedades,Short Stay
Anfitriões de Aluguel,Propriedade em Uso,Gestão de propriedades,Short Stay
welhome,Propriedade em Uso,Gestão de propriedades,Short Stay
quarto à vista,Propriedade em Uso,Gestão de propriedades,Short Stay
Carpediem Homes,Propriedade em Uso,Gestão de propriedades,Short Stay
Comprar&decorar,Propriedade em Uso,Gestão de propriedades,Short Stay
Omar do Rio,Propriedade em Uso,Gestão de propriedades,Short Stay
Lobie,Propriedade em Uso,Gestão de propriedades,Short Stay
360 suites,Propriedade em Uso,Gestão de propriedades,Short Stay
tripmood,Propriedade em Uso,Gestão de propriedades,Short Stay
SmartSharing,Propriedade em Uso,Gestão de propriedades,Short Stay
BemVindo - imóveis por temporada,Propriedade em Uso,Gestão de propriedades,Short Stay
cyclinn,Propriedade em Uso,Gestão de propriedades,Short Stay
PINEAPPLES,Propriedade em Uso,Gestão de propriedades,Short Stay
scaza,Propriedade em Uso,Gestão de propriedades,Plataforma de Gestão
spacein,Propriedade em Uso,Gestão de propriedades,Plataforma de Gestão
Tag,Propriedade em Uso,Gestão de propriedades,Plataforma de Gestão
stays,Propriedade em Uso,Gestão de propriedades,Plataforma de Gestão
PROGUEST,Propriedade em Uso,Gestão de propriedades,Plataforma de Gestão
HQBeds,Propriedade em Uso,Gestão de propriedades,Plataforma de Gestão
paypow,Propriedade em Uso,Gestão de propriedades,Plataforma de Gestão
ANFITRIÃO PRIME,Propriedade em Uso,Gestão de propriedades,Plataforma de Gestão
bhomy.com,Propriedade em Uso,Gestão de propriedades,Plataforma de Gestão
SCOD BRASIL,Propriedade em Uso,Gestão de propriedades,Plataforma de Gestão
HSystem,Propriedade em Uso,Gestão de propriedades,Plataforma de Gestão
Quadra Urbana,Propriedade em Uso,Gestão de propriedades,Plataforma de Gestão
LocX,Propriedade em Uso,Gestão de propriedades,Plataforma de Gestão
bitz,Propriedade em Uso,Gestão de propriedades,Plataforma de Gestão
AYRTON,Propriedade em Uso,Gestão de propriedades,Plataforma de Gestão
skedway,Propriedade em Uso,Workplace analytics,
neowrk.,Propriedade em Uso,Workplace analytics,
where,Propriedade em Uso,Workplace analytics,
WiseOffices,Propriedade em Uso,Workplace analytics,
deskbee,Propriedade em Uso,Workplace analytics,
ARQUITETO DE BOLSO,Propriedade em Uso,Plataforma de projetos arquitetônicos,
archie,Propriedade em Uso,Plataforma de projetos arquitetônicos,
decoradornet,Propriedade em Uso,Plataforma de projetos arquitetônicos,
ARCHA (studio/archa),Propriedade em Uso,Plataforma de projetos arquitetônicos,
Arquitetos por Hora,Propriedade em Uso,Plataforma de projetos arquitetônicos,
BOUTIQUE LAB,Propriedade em Uso,Plataforma de projetos arquitetônicos,
la decora,Propriedade em Uso,Plataforma de projetos arquitetônicos,
DECORA CLICK,Propriedade em Uso,Plataforma de projetos arquitetônicos,
projeto num clique,Propriedade em Uso,Plataforma de projetos arquitetônicos,
1COMODO,Propriedade em Uso,Reformas,Gestão e Execução de reforma
truliv,Propriedade em Uso,Reformas,Gestão e Execução de reforma
lofteria,Propriedade em Uso,Reformas,Gestão e Execução de reforma
akomod,Propriedade em Uso,Reformas,Gestão e Execução de reforma
Corbu,Propriedade em Uso,Reformas,Gestão e Execução de reforma
vobi,Propriedade em Uso,Reformas,Gestão e Execução de reforma
namecheap,Propriedade em Uso,Reformas,Gestão e Execução de reforma
spotlar,Propriedade em Uso,Reformas,Gestão e Execução de reforma
hup,Propriedade em Uso,Reformas,Gestão e Execução de reforma
CONECTA REFORMA,Propriedade em Uso,Reformas,Gestão e Execução de reforma
VistoPRED,Propriedade em Uso,Reformas,Gestão e Execução de reforma
GADUGI Reformas,Propriedade em Uso,Reformas,Gestão e Execução de reforma
Plin condomínios,Propriedade em Uso,Condomínios,Administradora Digital
condofy,Propriedade em Uso,Condomínios,Administradora Digital
4D imobi,Propriedade em Uso,Condomínios,Administradora Digital
Rede Síndicos,Propriedade em Uso,Condomínios,Prestadores de Serviço
concessus,Propriedade em Uso,Condomínios,Prestadores de Serviço
Engelink,Propriedade em Uso,Condomínios,Prestadores de Serviço
Casa do Síndico,Propriedade em Uso,Condomínios,Prestadores de Serviço
SUPPLAI,Propriedade em Uso,Condomínios,Prestadores de Serviço
Presto,Propriedade em Uso,Condomínios,Comodidades
market4u,Propriedade em Uso,Condomínios,Comodidades
eletro moove,Propriedade em Uso,Condomínios,Comodidades
Trela,Propriedade em Uso,Condomínios,Comodidades
rentbrella,Propriedade em Uso,Condomínios,Comodidades
2u,Propriedade em Uso,Condomínios,Comodidades
wali,Propriedade em Uso,Condomínios,Comodidades
market wow,Propriedade em Uso,Condomínios,Comodidades
armários inteligentes,Propriedade em Uso,Condomínios,Comodidades
TECNORISE,Propriedade em Uso,Condomínios,Gestão e Comunicação
ConectCon,Propriedade em Uso,Condomínios,Gestão e Comunicação
OnMesh,Propriedade em Uso,Condomínios,Gestão e Comunicação
Conviver - App de condomínios,Propriedade em Uso,Condomínios,Gestão e Comunicação
communy,Propriedade em Uso,Condomínios,Gestão e Comunicação
apepê,Propriedade em Uso,Condomínios,Gestão e Comunicação
almah,Propriedade em Uso,Condomínios,Gestão e Comunicação
Ohtel - condomínios inteligentes,Propriedade em Uso,Condomínios,Gestão e Comunicação
Smarttcon - condomínios inteligentes,Propriedade em Uso,Condomínios,Gestão e Comunicação
Síndico Online - Gestão Condominial,Propriedade em Uso,Condomínios,Gestão e Comunicação
organize meu condomínio,Propriedade em Uso,Condomínios,Gestão e Comunicação
mycond,Propriedade em Uso,Condomínios,Gestão e Comunicação
Condox,Propriedade em Uso,Condomínios,Gestão e Comunicação
condomob,Propriedade em Uso,Condomínios,Gestão e Comunicação
Realiza (Realiza TI),Propriedade em Uso,Condomínios,Gestão e Comunicação
myvillage,Propriedade em Uso,Condomínios,Gestão e Comunicação
CONDOBOX,Propriedade em Uso,Condomínios,Gestão e Comunicação
uCondo,Propriedade em Uso,Condomínios,Gestão e Comunicação
ByDoor,Propriedade em Uso,Condomínios,Gestão e Comunicação
Moviva (Cosimo),Propriedade em Uso,Condomínios,Gestão e Comunicação
CONDSIS,Propriedade em Uso,Condomínios,Gestão e Comunicação
APPTOHOME,Propriedade em Uso,Condomínios,Gestão e Comunicação
CONDLINK,Propriedade em Uso,Condomínios,Gestão e Comunicação
LIVROata,Propriedade em Uso,Condomínios,Gestão e Comunicação
Seu condomínio,Propriedade em Uso,Condomínios,Gestão e Comunicação
ap.controle,Propriedade em Uso,Condomínios,Gestão e Comunicação
homebook - smart portaria,Propriedade em Uso,Condomínios,Gestão e Comunicação
severino app,Propriedade em Uso,Condomínios,Gestão e Comunicação
acolweb,Propriedade em Uso,Condomínios,Gestão e Comunicação
ETHOS VIVET,Propriedade em Uso,Condomínios,Gestão e Comunicação
winker,Propriedade em Uso,Condomínios,Gestão e Comunicação
SmartSíndico,Propriedade em Uso,Condomínios,Gestão e Comunicação
Condomínio App,Propriedade em Uso,Condomínios,Gestão e Comunicação
be all bee,Propriedade em Uso,Condomínios,Gestão e Comunicação
Livo,Propriedade em Uso,Condomínios,Gestão e Comunicação
DoctorCondo,Propriedade em Uso,Condomínios,Gestão e Comunicação
Nok Nox,Propriedade em Uso,Condomínios,Gestão e Comunicação
greenclub,Propriedade em Uso,Condomínios,Sustentabilidade
Minha Coleta,Propriedade em Uso,Condomínios,Sustentabilidade
WasteBank,Propriedade em Uso,Condomínios,Sustentabilidade
valora,Propriedade em Uso,Condomínios,Sustentabilidade
Ciclefy,Propriedade em Uso,Condomínios,Sustentabilidade
VERDEACQUA,Propriedade em Uso,Condomínios,Sustentabilidade
trashin,Propriedade em Uso,Condomínios,Sustentabilidade
SOLOS,Propriedade em Uso,Condomínios,Sustentabilidade
Green Mining,Propriedade em Uso,Condomínios,Sustentabilidade
Você Recicla,Propriedade em Uso,Condomínios,Sustentabilidade
Eco Circuito,Propriedade em Uso,Condomínios,Sustentabilidade
NUTRICAR,Propriedade em Uso,Condomínios,Minimercado
Onii,Propriedade em Uso,Condomínios,Minimercado
vendify,Propriedade em Uso,Condomínios,Minimercado
snackin',Propriedade em Uso,Condomínios,Minimercado
SMARTBREAK,Propriedade em Uso,Condomínios,Minimercado
peggô market,Propriedade em Uso,Condomínios,Minimercado
easy market - honest culture,Propriedade em Uso,Condomínios,Minimercado
vendPerto - mini market,Propriedade em Uso,Condomínios,Minimercado
InHouse market,Propriedade em Uso,Condomínios,Minimercado
BE HONEST,Propriedade em Uso,Condomínios,Minimercado
Minha Quitandinha,Propriedade em Uso,Condomínios,Minimercado
fast4you,Propriedade em Uso,Condomínios,Minimercado
Malu Market,Propriedade em Uso,Condomínios,Minimercado
CONDOSTORE,Propriedade em Uso,Condomínios,Minimercado
Honest Market,Propriedade em Uso,Condomínios,Minimercado
Seletto in,Propriedade em Uso,Condomínios,Minimercado
condopay,Propriedade em Uso,Condomínios,Produtos Financeiros
CONDOCONTA,Propriedade em Uso,Condomínios,Produtos Financeiros
AZURITTA,Propriedade em Uso,Condomínios,Produtos Financeiros
CONDOBEM,Propriedade em Uso,Condomínios,Produtos Financeiros
CondoCash,Propriedade em Uso,Condomínios,Produtos Financeiros
CondoBlue,Propriedade em Uso,Condomínios,Produtos Financeiros
6P BANK,Propriedade em Uso,Condomínios,Produtos Financeiros
CondCred,Propriedade em Uso,Condomínios,Produtos Financeiros
HR Digital,Propriedade em Uso,Condomínios,Produtos Financeiros
wohpag,Propriedade em Uso,Condomínios,Produtos Financeiros
CondoMoney,Propriedade em Uso,Condomínios,Produtos Financeiros
Condolivre,Propriedade em Uso,Condomínios,Produtos Financeiros
DEDUZ,Propriedade em Uso,Condomínios,Produtos Financeiros
ESTAIADA,Propriedade em Uso,Condomínios,Produtos Financeiros
atende portaria,Propriedade em Uso,Condomínios,Segurança
monuv,Propriedade em Uso,Condomínios,Segurança
DRIKEY,Propriedade em Uso,Condomínios,Segurança
w3lcome,Propriedade em Uso,Condomínios,Segurança
Camerite,Propriedade em Uso,Condomínios,Segurança
Gabriel,Propriedade em Uso,Condomínios,Segurança
smartvisit,Propriedade em Uso,Condomínios,Segurança
accessrun,Propriedade em Uso,Condomínios,Segurança
EasyFront,Propriedade em Uso,Condomínios,Segurança
queromorar,Propriedade em Uso,Condomínios,Segurança
condfy,Propriedade em Uso,Condomínios,Segurança
findme,Propriedade em Uso,Condomínios,Segurança
HAILA,Propriedade em Uso,Condomínios,Segurança
pxTalk,Propriedade em Uso,Condomínios,Segurança
Letmein,Propriedade em Uso,Condomínios,Segurança
CONSIS,Propriedade em Uso,Condomínios,Segurança
ebrigada - prevenção de sinistros,Propriedade em Uso,Condomínios,Segurança
beNuvem,Propriedade em Uso,Condomínios,Segurança
cosecurity,Propriedade em Uso,Condomínios,Segurança
eCondos,Propriedade em Uso,Condomínios,Segurança
Linha Direta,Propriedade em Uso,Condomínios,Segurança
REMOTY,Propriedade em Uso,Condomínios,Segurança
SHIELDER,Propriedade em Uso,Condomínios,Segurança
atendeai,Propriedade em Uso,Condomínios,Segurança
Quasar Tech,Propriedade em Uso,Condomínios,Segurança
LogShare,Propriedade em Uso,Logística,Fretamento
goFlux,Propriedade em Uso,Logística,Fretamento
tag2u,Propriedade em Uso,Logística,Fretamento
MUDZ,Propriedade em Uso,Logística,Fretamento
NEZTI,Propriedade em Uso,Logística,Fretamento
magikey,Propriedade em Uso,Smart building,
podesubir,Propriedade em Uso,Smart building,
Loomy,Propriedade em Uso,Smart building,
SiiSmart,Propriedade em Uso,Smart building,
SQUAIR,Propriedade em Uso,Smart building,
nway pro,Propriedade em Uso,Smart building,
TRINITYSIS,Propriedade em Uso,Smart building,
MANU HELP,Propriedade em Uso,Facilities,Gestão e Manutenção
Manu 2b,Propriedade em Uso,Facilities,Gestão e Manutenção
Leankeep,Propriedade em Uso,Facilities,Gestão e Manutenção
trackfy,Propriedade em Uso,Facilities,Gestão e Manutenção
TRACTIAN,Propriedade em Uso,Facilities,Gestão e Manutenção
Metam,Propriedade em Uso,Facilities,Gestão e Manutenção
SAFEB,Propriedade em Uso,Facilities,Gestão e Manutenção
Produttivo,Propriedade em Uso,Facilities,Gestão e Manutenção
Melvin,Propriedade em Uso,Facilities,Gestão e Manutenção
7Dtech - imobcare,Propriedade em Uso,Facilities,Gestão e Manutenção
trílogo,Propriedade em Uso,Facilities,Gestão e Manutenção
Éleme,Propriedade em Uso,Facilities,Gestão e Manutenção
DronePower,Propriedade em Uso,Facilities,Gestão e Manutenção
Allexo - tecnologia,Propriedade em Uso,Facilities,Gestão Energética
FOHAT,Propriedade em Uso,Facilities,Gestão Energética
MethaEnergia,Propriedade em Uso,Facilities,Gestão Energética
beenergy,Propriedade em Uso,Facilities,Gestão Energética
SolarView,Propriedade em Uso,Facilities,Gestão Energética
IGOAL - tecnologia,Propriedade em Uso,Facilities,Gestão Energética
TRADENERGY,Propriedade em Uso,Facilities,Gestão Energética
DISPOR Energia,Propriedade em Uso,Facilities,Gestão Energética
POLUS,Propriedade em Uso,Facilities,Gestão Energética
Delfos,Propriedade em Uso,Facilities,Gestão Energética
Bow-e,Propriedade em Uso,Facilities,Gestão Energética
tyr,Propriedade em Uso,Facilities,Gestão Energética
clarke energia,Propriedade em Uso,Facilities,Gestão Energética
Ativa energia,Propriedade em Uso,Facilities,Gestão Energética
enercycle,Propriedade em Uso,Facilities,Gestão Energética
CUBI energia,Propriedade em Uso,Facilities,Gestão Energética
Energia das Coisas,Propriedade em Uso,Facilities,Gestão Energética
NEX Energy,Propriedade em Uso,Facilities,Gestão Energética
eficienergy,Propriedade em Uso,Facilities,Gestão Energética
medeage,Propriedade em Uso,Facilities,Gestão Energética
MONDI ENERGY,Propriedade em Uso,Facilities,Gestão Energética
Enerzee,Propriedade em Uso,Facilities,Gestão Energética
T&D Sustentável,Propriedade em Uso,Facilities,Gestão Hídrica
piipee,Propriedade em Uso,Facilities,Gestão Hídrica
stattus4,Propriedade em Uso,Facilities,Gestão Hídrica
BLUETECH Liquid,Propriedade em Uso,Facilities,Gestão Hídrica
sagatech,Propriedade em Uso,Facilities,Gestão Hídrica
acqua logic,Propriedade em Uso,Facilities,Gestão Hídrica
HIDROMETRIC,Propriedade em Uso,Facilities,Gestão Hídrica
neowater - eficiência hídrica,Propriedade em Uso,Facilities,Gestão Hídrica
PLUVI - soluções ambientais inteligentes,Propriedade em Uso,Facilities,Gestão Hídrica
LoopKey,Propriedade em Uso,Smart home,
bluelux,Propriedade em Uso,Smart home,
dyonaOS,Propriedade em Uso,Smart home,
dooma,Propriedade em Uso,Smart home,
WiseHome,Propriedade em Uso,Smart home,
Smartek Life,Propriedade em Uso,Smart home,
Chavi,Propriedade em Uso,Smart home,
BEYOND,Propriedade em Uso,Smart home,
kokar,Propriedade em Uso,Smart home,
hub,Propriedade em Uso,Smart home,
HAUSENN+,Propriedade em Uso,Smart home,
houseasy,Propriedade em Uso,Smart home,
VOXEPOWER,Propriedade em Uso,Utilities,Carregamento de EVs
NeoCharge,Propriedade em Uso,Utilities,Carregamento de EVs
yellotmob,Propriedade em Uso,Utilities,Carregamento de EVs
wecharge,Propriedade em Uso,Utilities,Carregamento de EVs
tupi,Propriedade em Uso,Utilities,Carregamento de EVs
movE,Propriedade em Uso,Utilities,Carregamento de EVs
greenv,Propriedade em Uso,Utilities,Carregamento de EVs
POWER2GO,Propriedade em Uso,Utilities,Carregamento de EVs
ZuuZ - Mobilidade Elétrica,Propriedade em Uso,Utilities,Carregamento de EVs
Zletric,Propriedade em Uso,Utilities,Carregamento de EVs
Eletricus,Propriedade em Uso,Utilities,Carregamento de EVs
INCHARGE,Propriedade em Uso,Utilities,Carregamento de EVs
ELEVENTEC,Propriedade em Uso,Utilities,Carregamento de EVs
EZVolt,Propriedade em Uso,Utilities,Carregamento de EVs
VoltBras,Propriedade em Uso,Utilities,Carregamento de EVs
minum,Propriedade em Uso,Utilities,Energia por Assinatura
flora,Propriedade em Uso,Utilities,Energia por Assinatura
solar21,Propriedade em Uso,Utilities,Energia por Assinatura
reverde,Propriedade em Uso,Utilities,Energia por Assinatura
yellot,Propriedade em Uso,Utilities,Energia por Assinatura
NewSun,Propriedade em Uso,Utilities,Energia por Assinatura
Ecosol - condomínio solar,Propriedade em Uso,Utilities,Energia por Assinatura
CleanClic,Propriedade em Uso,Utilities,Energia por Assinatura
MAYA ENERGY,Propriedade em Uso,Utilities,Energia por Assinatura
sunnyhub,Propriedade em Uso,Utilities,Energia por Assinatura
EGRONN,Propriedade em Uso,Utilities,Energia por Assinatura
Electy,Propriedade em Uso,Utilities,Energia por Assinatura
SUNRENT,Propriedade em Uso,Utilities,Energia por Assinatura
sunne,Propriedade em Uso,Utilities,Energia por Assinatura
SOLSTAR,Propriedade em Uso,Utilities,Energia Solar
GENYX,Propriedade em Uso,Utilities,Energia Solar
Fin.Yellow,Propriedade em Uso,Utilities,Energia Solar
holu,Propriedade em Uso,Utilities,Energia Solar
SUN MOBI,Propriedade em Uso,Utilities,Energia Solar
Lemon,Propriedade em Uso,Utilities,Energia Solar
alba - energia solar,Propriedade em Uso,Utilities,Energia Solar
edsun,Propriedade em Uso,Utilities,Energia Solar
Cartão Solar,Propriedade em Uso,Utilities,Energia Solar
JUNTOS - energia compartilhada,Propriedade em Uso,Utilities,Energia Solar
Gynga,Propriedade em Uso,Utilities,Energia Solar
grupo eneergia,Propriedade em Uso,Utilities,Energia Solar
sunlabs,Propriedade em Uso,Utilities,Energia Solar
meu financiamento solar,Propriedade em Uso,Utilities,Energia Solar
conexão solar,Propriedade em Uso,Utilities,Energia Solar
Renova Green,Propriedade em Uso,Utilities,Energia Solar
First Energy,Propriedade em Uso,Utilities,Energia Solar
ENERGY Review,Propriedade em Uso,Utilities,Energia Solar
KitchenCentral,Propriedade em Uso,Outros,
Preservaland,Propriedade em Uso,Outros,
appito,Propriedade em Uso,Outros,
kitchenfy,Propriedade em Uso,Outros,
QZela,Propriedade em Uso,Outros,
mosquitter,Propriedade em Uso,Outros,
Clube FII,Propriedade em Uso,Outros,
agendaboa,Propriedade em Uso,Prestadores de serviço,
tranpo,Propriedade em Uso,Prestadores de serviço,
GoPrestador,Propriedade em Uso,Prestadores de serviço,
otto - repare,Propriedade em Uso,Prestadores de serviço,
triider,Propriedade em Uso,Prestadores de serviço,
melhores diaristas,Propriedade em Uso,Prestadores de serviço,
entendantes (Entenda Antes),Propriedade em Uso,Prestadores de serviço,
refera,Propriedade em Uso,Prestadores de serviço,
clin,Propriedade em Uso,Prestadores de serviço,
MeuVidraceiro,Propriedade em Uso,Prestadores de serviço,
GENNTE,Propriedade em Uso,Prestadores de serviço,
DeCASA,Propriedade em Uso,Prestadores de serviço,
parafuzo,Propriedade em Uso,Prestadores de serviço,
donamaid,Propriedade em Uso,Prestadores de serviço,
famyle,Propriedade em Uso,Prestadores de serviço,
HELPIE!,Propriedade em Uso,Prestadores de serviço,
RENOVE JÁ,Propriedade em Uso,Prestadores de serviço,
CASAJEITADA,Propriedade em Uso,Prestadores de serviço,
brisk - your place,Propriedade em Uso,Gestão de estacionamento,
valeti,Propriedade em Uso,Gestão de estacionamento,
RENOVE EXPRESS,Propriedade em Uso,Manutenção residencial,
manusis4,Propriedade em Uso,Manutenção residencial,
decor em casa,Propriedade em Uso,Plataforma de reforma e decoração,
design here,Propriedade em Uso,Plataforma de reforma e decoração,
Decorafit,Propriedade em Uso,Plataforma de reforma e decoração,
Decore Certo,Propriedade em Uso,Plataforma de reforma e decoração,
,Propriedade em Uso,,