emresa,categoria_principal,subcategoria,
GVB - virtualização de construções,Projeto e Viabilidade,BIM,
iterCode - tecnologia para engenharia,Projeto e Viabilidade,BIM,
smartBIIM - tecnologia para gestão de obras,Projeto e Viabilidade,BIM,
INCO,Projeto e Viabilidade,Crowfunding,
CapRate Investimentos,Projeto e Viabilidade,Crowfunding,
urbe.me,Projeto e Viabilidade,Crowfunding,
vanguardi,Projeto e Viabilidade,Crowfunding,
ROCK,Projeto e Viabilidade,Crowfunding,
bloxs,Projeto e Viabilidade,Crowfunding,
Imobcoin,Projeto e Viabilidade,Crowfunding,
Investweb,Projeto e Viabilidade,Crowfunding,
crawly,Projeto e Viabilidade,Inteligência de mercado,
ALLIANCE CONSÓRCIOS,Projeto e Viabilidade,Inteligência de mercado,
giica,Projeto e Viabilidade,Inteligência de mercado,
PROSPECTA - relatório de obras,Projeto e Viabilidade,Inteligência de mercado,
Obra.ai,Projeto e Viabilidade,Inteligência de mercado,
HOFF ANALYTICS - big data solutions,Projeto e Viabilidade,Inteligência de mercado,
Rede de Obras,Projeto e Viabilidade,Inteligência de mercado,
DATALAND - land powered by data science,Projeto e Viabilidade,Inteligência de mercado,
isket,Projeto e Viabilidade,Inteligência de mercado,
urbit,Projeto e Viabilidade,Inteligência de mercado,
INTEC,Projeto e Viabilidade,Inteligência de mercado,
propdo,Projeto e Viabilidade,Inteligência de mercado,
comproterreno,Projeto e Viabilidade,Terrenos,
BUSCA TERRA,Projeto e Viabilidade,Terrenos,
1M2,Projeto e Viabilidade,Terrenos,
GISBASE - geoinformation system,Projeto e Viabilidade,Terrenos,
Geomart,Projeto e Viabilidade,Terrenos,
Solo landbank,Projeto e Viabilidade,Terrenos,
AGREGA - desenvolvimento imobiliário,Projeto e Viabilidade,Terrenos,
allrea,Projeto e Viabilidade,Terrenos,
Terreno Livre,Projeto e Viabilidade,Terrenos,
FazendaAberta,Projeto e Viabilidade,Terrenos,
MyTower,Projeto e Viabilidade,Terrenos,
Vértice PRO,Projeto e Viabilidade,Burocracia pública,
APROVA DIGITAL,Projeto e Viabilidade,Burocracia pública,
APROVA LEGAL,Projeto e Viabilidade,Burocracia pública,
USU CAMPEÃO - regularize seu imóvel,Projeto e Viabilidade,Burocracia pública,
no cartório.com,Projeto e Viabilidade,Burocracia pública,
Regular Easy - regularizações imobiliárias,Projeto e Viabilidade,Burocracia pública,
reguLARiza! Brasil,Projeto e Viabilidade,Burocracia pública,
CASOCA,Projeto e Viabilidade,Projeto,
wikeep,Projeto e Viabilidade,Projeto,
123 Projetei,Projeto e Viabilidade,Projeto,
ARQUILEGO,Projeto e Viabilidade,Projeto,
iENG - projetistas especializados,Projeto e Viabilidade,Projeto,
INOVA URBIS,Projeto e Viabilidade,Projeto,
arco,Projeto e Viabilidade,Projeto,
construflow,Projeto e Viabilidade,Projeto,
Refresher,Projeto e Viabilidade,Projeto,
aerosim,Projeto e Viabilidade,Projeto,
arqgen,Projeto e Viabilidade,Projeto,
ocalev - inovação em engenharia,Projeto e Viabilidade,Projeto,
Gabster,Projeto e Viabilidade,Projeto,
PrevSis,Projeto e Viabilidade,Projeto,
mooble.com,Projeto e Viabilidade,Projeto,
urbIA,Projeto e Viabilidade,Projeto,
seabra - soluções inteligentes,Projeto e Viabilidade,Projeto,
MONÍ,Projeto e Viabilidade,Projeto,
instacasa - sua casa num instante,Projeto e Viabilidade,Projeto,
HYGGE,Projeto e Viabilidade,Sustentabilidade,
endelevo - soluções sustentáveis,Projeto e Viabilidade,Sustentabilidade,
CUB,Projeto e Viabilidade,Loteamentos,
trilote,Projeto e Viabilidade,Loteamentos,
Terravista,Projeto e Viabilidade,Loteamentos,
hent,Projeto e Viabilidade,Loteamentos,
scae,Projeto e Viabilidade,Loteamentos,
Mapzer,Projeto e Viabilidade,Smart city,
INFRACITIES,Projeto e Viabilidade,Smart city,
estrelas ARCHI,Projeto e Viabilidade,Outros,
we.br,Projeto e Viabilidade,Outros,
NIMBUS,Projeto e Viabilidade,Outros,
ConstruMoney,Projeto e Viabilidade,Outros,
itemize,Projeto e Viabilidade,Outros,
SOND,Projeto e Viabilidade,Geotecnia e Topografia,
DUNA SYSTEM,Projeto e Viabilidade,Geotecnia e Topografia,
MEU AGRIMENSOR,Projeto e Viabilidade,Geotecnia e Topografia,
constru liga,Construção,Conteúdo,
connecteng,Construção,Conteúdo,
engplay,Construção,Conteúdo,
CONSTRUÇÃO CIVIL - teoria e prática,Construção,Conteúdo,
BORA na OBRA,Construção,Conteúdo,
SIENSU,Construção,Orçamento de obra,
cugconsultoria,Construção,Orçamento de obra,
custoEXPRESSO,Construção,Orçamento de obra,
euconstruindo.com,Construção,Orçamento de obra,
Rubk,Construção,Orçamento de obra,
ecustos,Construção,Orçamento de obra,
hallco,Construção,Orçamento de obra,
easy supply,Construção,Orçamento de obra,
TEC4WEB,Construção,Orçamento de obra,
WeObra,Construção,Orçamento de obra,
OrçaFascio - software para engenharia,Construção,Orçamento de obra,
CONSTRUP - Construindo soluções,Construção,Orçamento de obra,
ALÔ SERRALHEIRO,Construção,Orçamento de obra,
celere - consultoria de eficiência da construção,Construção,Orçamento de obra,
ubuild,Construção,Gestão da obra,
dia de obra,Construção,Gestão da obra,
oppem,Construção,Gestão da obra,
DIÀRIO DE OBRAS,Construção,Gestão da obra,
rdo,Construção,Gestão da obra,
co.urban,Construção,Gestão da obra,
QualiTab,Construção,Gestão da obra,
kartado,Construção,Gestão da obra,
INMETA software,Construção,Gestão da obra,
CIANOVE,Construção,Gestão da obra,
ConnectData,Construção,Gestão da obra,
PHYGITALL,Construção,Gestão da obra,
PLIPPE,Construção,Gestão da obra,
Hitemp - soluções tecnológicas,Construção,Gestão da obra,
novidá,Construção,Gestão da obra,
data life - GLOBAL,Construção,Gestão da obra,
Syncker,Construção,Gestão da obra,
allie,Construção,Gestão da obra,
SUPERVIZ,Construção,Gestão da obra,
aug(in),Construção,Gestão da obra,
IN BUILT,Construção,Gestão da obra,
octágora,Construção,Gestão da obra,
appOBRA,Construção,Gestão da obra,
PILAR,Construção,Gestão da obra,
toki,Construção,Gestão da obra,
builtek,Construção,Gestão da obra,
BRICK UP,Construção,Gestão da obra,
CONSTRUCT IN,Construção,Gestão da obra,
construct web - gestão eficiente de obras,Construção,Gestão da obra,
construo - gestão de projetos para obras,Construção,Gestão da obra,
stantControle,Construção,Gestão da obra,
CONSTRU CODE,Construção,Gestão da obra,
EAP - engenharia de alta performance,Construção,Gestão da obra,
BOX OBRAS,Construção,Gestão da obra,
Construpoint,Construção,Gestão da obra,
concretto - o app de quem constrói,Construção,Gestão da obra,
makasí,Construção,Gestão da obra,
prevision,Construção,Gestão da obra,
obrafit,Construção,Gestão da obra,
lumina,Construção,Gestão da obra,
Civil Control,Construção,Gestão da obra,
Obra.lean,Construção,Gestão da obra,
obra prima,Construção,Gestão da obra,
OBRA NA MÃO - Gestão da Construção,Construção,Gestão da obra,
ARQUIS,Construção,Gestão da obra,
ConsLog,Construção,Gestão da obra,
SIGO - ERP,Construção,Gestão da obra,
mais controle,Construção,Gestão da obra,
Hinc,Construção,Gestão da obra,
VEJAOBRA,Construção,Gestão da obra,
VIGHA,Construção,Gestão da obra,
OBRAPLAY,Construção,Gestão da obra,
nimble - virtual solutions,Construção,Gestão da obra,
KOPER,Construção,Gestão da obra,
Everflow,Construção,Gestão da obra,
GERENCIA OBRAS,Construção,Gestão da obra,
melius - qualidade,Construção,Gestão da obra,
GESTOP - Gestão Transparente de Obras Públicas,Construção,Gestão da obra,
GO - GestorObras,Construção,Gestão da obra,
verum.digital,Construção,Gestão da obra,
AGILEAN - Aplicativo de Gestão Integrada Lean,Construção,Gestão da obra,
GESCORPGO,Construção,Gestão da obra,
GERO OBRAS,Construção,Gestão da obra,
igile.com,Construção,Gestão da obra,
coordly,Construção,Gestão de documentos,
todall,Construção,Gestão de documentos,
analize,Construção,Gestão de documentos,
oppem.,Construção,Gestão de documentos,
CASABRUTA - shopping virtual da construção,Construção,Gestão de documentos,
Datanomik,Construção,Gestão financeira,
"EVOP - Orçamento, Planejamento e Gestão de Obras",Construção,Gestão financeira,
habitissimo,Construção,MDO,
CONSTRUCONNECT,Construção,MDO,
ConstruMatch!,Construção,MDO,
Parceiro da Construção,Construção,MDO,
Esphera academy,Construção,MDO,
izicasa,Construção,MDO,
Jobber,Construção,MDO,
estudeAE,Construção,MDO,
bilds.com,Construção,MDO,
Tecza,Construção,MDO,
portal acústica,Construção,MDO,
SMART SKY - Tech Hub,Construção,MDO,
Quem Contrato,Construção,MDO,
Construgame,Construção,MDO,
mentor construção,Construção,MDO,
team move,Construção,MDO,
CLICK PONTO,Construção,MDO,
ON SAFETY,Construção,MDO,
OITCHAU,Construção,MDO,
-,Construção,MDO,
SafetyTec,Construção,MDO,
MuvRental,Construção,Maquinário e materiais,
andaluga - locação de máquinas,Construção,Maquinário e materiais,
Trucadão,Construção,Maquinário e materiais,
VAI LOCAR equipamentos,Construção,Maquinário e materiais,
RENDALOMAQ,Construção,Maquinário e materiais,
Alugalogo,Construção,Maquinário e materiais,
SANSTONE,Construção,Maquinário e materiais,
FLOPO,Construção,Maquinário e materiais,
ORÇAQUI,Construção,Maquinário e materiais,
cotacasa,Construção,Maquinário e materiais,
Achei4u,Construção,Maquinário e materiais,
nanoprice,Construção,Maquinário e materiais,
expert,Construção,Maquinário e materiais,
membran-i,Construção,Maquinário e materiais,
concreto usinado .com.br,Construção,Maquinário e materiais,
materiaL agora!,Construção,Maquinário e materiais,
CONSTRUP - construindo soluções,Construção,Maquinário e materiais,
painel de preços da construção,Construção,Maquinário e materiais,
EU NA OBRA .com,Construção,Maquinário e materiais,
CONCRETE JÁ,Construção,Maquinário e materiais,
LojadaConstrução,Construção,Maquinário e materiais,
casa e garagem,Construção,Maquinário e materiais,
construHUB,Construção,Maquinário e materiais,
syx,Construção,Maquinário e materiais,
fobbi,Construção,Maquinário e materiais,
COBUILD,Construção,Maquinário e materiais,
Obra Tá On,Construção,Maquinário e materiais,
Sooper,Construção,Maquinário e materiais,
oruby - o seu portal da construção,Construção,Maquinário e materiais,
iBuild,Construção,Maquinário e materiais,
obra show - delivery da construção,Construção,Maquinário e materiais,
333OBRA - O mercado da Construção,Construção,Maquinário e materiais,
teky,Construção,Maquinário e materiais,
CASABRUTA - shopping virtual da construção,Construção,Maquinário e materiais,
estoque parado,Construção,Maquinário e materiais,
mercadão da obra,Construção,Maquinário e materiais,
Hidrau conex - materiais hidráulicos,Construção,Maquinário e materiais,
SOS OBRA,Construção,Maquinário e materiais,
Arqplace - Arquitetura no lugar certo,Construção,Maquinário e materiais,
Mercado Obra,Construção,Maquinário e materiais,
ALMOX,Construção,Maquinário e materiais,
james tip,Construção,Maquinário e materiais,
ALMOB - Gestão para Almoxarifado,Construção,Maquinário e materiais,
SupplyMaps - Soluções em compras B2B,Construção,Maquinário e materiais,
zatio,Construção,Maquinário e materiais,
CPallet,Construção,Maquinário e materiais,
GaussFleet,Construção,Maquinário e materiais,
BobTon - Conectando a Construção do País,Construção,Maquinário e materiais,
upgrade,Construção,Materiais de construção,
JASMMÍN,Construção,Materiais de construção,
MOSHE 3000,Construção,Materiais de construção,
MASSIVA,Construção,Materiais de construção,
Smartop,Construção,Materiais de construção,
STEEL MOLD,Construção,Materiais de construção,
isobloco - Smart Buildingtech,Construção,Materiais de construção,
Lightwall,Construção,Materiais de construção,
X LAM ENGINEERING,Construção,Materiais de construção,
Tetris Modular,Construção,Materiais de construção,
-,Construção,Materiais de construção,
TimBau Estruturas,Construção,Materiais de construção,
EBRICKS,Construção,Materiais de construção,
amera,Construção,Materiais de construção,
ECOTELHASOLAR,Construção,Materiais de construção,
mush,Construção,Materiais de construção,
Telhas TELITE,Construção,Materiais de construção,
Tégula Solar,Construção,Materiais de construção,
4VANTS - vision analytics,Construção,Mapeamento e acompanhamento,
ALTAVE,Construção,Mapeamento e acompanhamento,
Facilit'Air - Soluções por Drones,Construção,Mapeamento e acompanhamento,
FLUGDRONES,Construção,Mapeamento e acompanhamento,
BIMSTART,Construção,Mapeamento e acompanhamento,
OBRA 3D,Construção,Mapeamento e acompanhamento,
mappa,Construção,Mapeamento e acompanhamento,
GEOINOVA,Construção,Mapeamento e acompanhamento,
Maply,Construção,Mapeamento e acompanhamento,
DronEng - Drones e Engenharia,Construção,Mapeamento e acompanhamento,
LEVITAR - drone intelligence,Construção,Mapeamento e acompanhamento,
"PROP - drones, soluções aéreas",Construção,Mapeamento e acompanhamento,
PIX FORCE,Construção,Mapeamento e acompanhamento,
LORD DRONE - imagens inteligentes,Construção,Mapeamento e acompanhamento,
TERRA ump DRONES,Construção,Mapeamento e acompanhamento,
WillFly,Construção,Mapeamento e acompanhamento,
DURASA,Construção,Métodos construtivos,
AMERA,Construção,Métodos construtivos,
MINIMOD,Construção,Métodos construtivos,
immergrun - construções inteligentes,Construção,Métodos construtivos,
techome,Construção,Métodos construtivos,
inovahouse,Construção,Métodos construtivos,
VISIA,Construção,Métodos construtivos,
modulife - construção modular,Construção,Métodos construtivos,
iBUILD - construções inteligentes,Construção,Métodos construtivos,
CONTAINER EXPRESS,Construção,Métodos construtivos,
TEGO FRAME,Construção,Métodos construtivos,
oak offsite,Construção,Métodos construtivos,
CSTEEL,Construção,Métodos construtivos,
TCI,Construção,Métodos construtivos,
noah - wood building design,Construção,Métodos construtivos,
EcoNEXT - the next generation of building,Construção,Métodos construtivos,
MODUZ - construção modular,Construção,Métodos construtivos,
tinylife,Construção,Métodos construtivos,
CONTAINER MODULAR,Construção,Métodos construtivos,
Docking Modules - construindo o futuro,Construção,Métodos construtivos,
HEIMA SOLUTIONS,Construção,Métodos construtivos,
MODOOLAR - construções inteligentes,Construção,Métodos construtivos,
LOCARES - Casa Containers e Projetos Customizados,Construção,Métodos construtivos,
LOG BOXX,Construção,Métodos construtivos,
Universo dos Containers - projetos residenciais e comerciais,Construção,Métodos construtivos,
MORECO - modular rental company,Construção,Métodos construtivos,
K.BANA,Construção,Métodos construtivos,
d.,Construção,Métodos construtivos,
MODHUS - arquitetura modular,Construção,Métodos construtivos,
mora,Construção,Métodos construtivos,
-,Construção,Métodos construtivos,
tiny Brasil,Construção,Métodos construtivos,
cubicset - More for Less,Construção,Métodos construtivos,
STEEL GROUP,Construção,Métodos construtivos,
ARATAU Construção Modular,Construção,Métodos construtivos,
-,Construção,Métodos construtivos,
MODO,Construção,Métodos construtivos,
umbria construção modular,Construção,Métodos construtivos,
capsu,Construção,Métodos construtivos,
-,Construção,Métodos construtivos,
PRISMA,Construção,Métodos construtivos,
DOMUS3D - printing the future in concrete,Construção,Métodos construtivos,
nano¹,Construção,Métodos construtivos,
BioBox - Sustainable Houses,Construção,Métodos construtivos,
oztra,Construção,Métodos construtivos,
smart pods,Construção,Métodos construtivos,
esphera - Soluções Ambientais,Construção,Sustentabilidade,
SkambO OBRA,Construção,Sustentabilidade,
MEURESÍDUO,Construção,Sustentabilidade,
eloverde,Construção,Sustentabilidade,
NETResíduos,Construção,Sustentabilidade,
Vertown - nada se perde,Construção,Sustentabilidade,
ambisis - software para gestão ambiental,Construção,Sustentabilidade,
B2Blue.com - valorizando seu resíduo,Construção,Sustentabilidade,
okena,Construção,Sustentabilidade,
destinejá,Construção,Sustentabilidade,
aterra,Construção,Sustentabilidade,
LANDAPP,Construção,Sustentabilidade,
POLEN,Construção,Sustentabilidade,
recigreen - tecnologia verde,Construção,Sustentabilidade,
RECICLA.CLUB,Construção,Sustentabilidade,
revi,Construção,Sustentabilidade,
GREENPLAT - accelerating sustainable production,Construção,Sustentabilidade,
ecomud - soluções ambientais e pavimentação,Construção,Sustentabilidade,
FACILITAT - desempenho no pós-obra,Construção,Gestão pós obra,
app assist,Construção,Gestão pós obra,
PREDIALIZE,Construção,Gestão pós obra,
EASY ALERT,Construção,Gestão pós obra,
NAVE,Construção,Gestão pós obra,
vistora,Construção,Gestão pós obra,
FASTBUILT,Construção,Gestão pós obra,
linkana,Construção,Outros,
EXY - empowering people,Construção,Outros,
BrokerHunter,Aquisição,Conteúdo e educação,
Instituto Ciinco,Aquisição,Conteúdo e educação,
Corretor Global,Aquisição,Conteúdo e educação,
Play2sell,Aquisição,Conteúdo e educação,
havite,Aquisição,Site building,
Tecimob,Aquisição,Site building,
ImobiBrasil,Aquisição,Site building,
imobiliária ajato,Aquisição,Site building,
Kurole,Aquisição,Site building,
SIMO,Aquisição,Site building,
Crecido,Aquisição,Site building,
Beaver,Aquisição,Documentação e jurídico,
Vivalisto,Aquisição,Documentação e jurídico,
Portdata,Aquisição,Documentação e jurídico,
reserva.blue,Aquisição,Documentação e jurídico,
Cardeal,Aquisição,Documentação e jurídico,
RevoluTI,Aquisição,Documentação e jurídico,
ITDOC,Aquisição,Documentação e jurídico,
99contratos,Aquisição,Documentação e jurídico,
CoBenS,Aquisição,Documentação e jurídico,
Inteligência Cartorial,Aquisição,Documentação e jurídico,
,Aquisição,Recomendação de imóveis ,
livvu,Aquisição,Recomendação de imóveis ,
date a home,Aquisição,Recomendação de imóveis ,
LIVAR,Aquisição,Recomendação de imóveis ,
ImóveisPRO,Aquisição,Recomendação de imóveis ,
appê+,Aquisição,Recomendação de imóveis ,
Meu Imóvel,Aquisição,Recomendação de imóveis ,
Quero meu apê,Aquisição,Marketing digital,
ELEPHANTSKIN,Aquisição,Marketing digital,
Socialis,Aquisição,Marketing digital,
imox.ai,Aquisição,Marketing digital,
imobbox,Aquisição,Marketing digital,
Publimovel,Aquisição,Marketing digital,
Hub Growth,Aquisição,Marketing digital,
99web,Aquisição,Marketing digital,
innovv,Aquisição,Marketing digital,
liveprint!,Aquisição,Marketing digital,
praedium,Aquisição,CRM,
nia - tecnologia para negócios,Aquisição,CRM,
HYPNOBOX,Aquisição,CRM,
SOFT42,Aquisição,CRM,
ISMOB,Aquisição,CRM,
sohtec,Aquisição,CRM,
widesys,Aquisição,CRM,
capys,Aquisição,CRM,
Si9,Aquisição,CRM,
Fantástiko - marketplace imobiliário,Aquisição,CRM,
SMART - imobiliário,Aquisição,CRM,
Facilita.,Aquisição,CRM,
Housi'o,Aquisição,CRM,
Voa Corretor,Aquisição,CRM,
jetimob,Aquisição,CRM,
Lote Mobile,Aquisição,CRM,
Supremo - soluções integradas para imobiliárias,Aquisição,CRM,
FLIP,Aquisição,CRM,
cim imob,Aquisição,CRM,
RAUZEE,Aquisição,CRM,
flow leads,Aquisição,CRM,
Incorp mobile,Aquisição,CRM,
IMOBASE,Aquisição,CRM,
YouHome,Aquisição,CRM,
CV CRM - construtor de vendas,Aquisição,CRM,
C2S Contact2sale,Aquisição,Qualificação de Leads,
Leadster,Aquisição,Qualificação de Leads,
Morada (ai),Aquisição,Qualificação de Leads,
Marta - inteligência imobiliária,Aquisição,Qualificação de Leads,
Lydia - sistemas inteligentes,Aquisição,Qualificação de Leads,
harry,Aquisição,Qualificação de Leads,
roboticon,Aquisição,Qualificação de Leads,
99Leads,Aquisição,Qualificação de Leads,
bomlead.com,Aquisição,Qualificação de Leads,
OQ Digital,Aquisição,Qualificação de Leads,
Leads4Sales,Aquisição,Qualificação de Leads,
Bid Gram,Aquisição,Qualificação de Leads,
DynamoTech - Innovation...always,Aquisição,Qualificação de Leads,
imobilead,Aquisição,Qualificação de Leads,
Notificalead,Aquisição,Qualificação de Leads,
blisk solutions,Aquisição,Qualificação de Leads,
Leadfy,Aquisição,Qualificação de Leads,
LeadFlow,Aquisição,Qualificação de Leads,
blow,Aquisição,Canais de comunicação,
Intelizap business,Aquisição,Canais de comunicação,
cosmobots,Aquisição,Canais de comunicação,
Acelérion,Aquisição,Canais de comunicação,
ezok.,Aquisição,Canais de comunicação,
FireFly,Aquisição,Canais de comunicação,
Mila,Aquisição,Canais de comunicação,
duotalk,Aquisição,Canais de comunicação,
asksuite,Aquisição,Canais de comunicação,
Digit.ai - Solução MAGIT,Aquisição,Canais de comunicação,
immobile - software imobiliário,Aquisição,Gestão de carteira,
Lastro,Aquisição,Gestão de carteira,
Risknow,Aquisição,Gestão de carteira,
tAlugado,Aquisição,Gestão de carteira,
Portal de Repasse,Aquisição,Gestão de carteira,
Forinvest,Aquisição,Gestão de carteira,
imobia - gestão imobiliária de um jeito fácil,Aquisição,Gestão de carteira,
Studio360,Aquisição,Inteligência imobiliária,
deepen,Aquisição,Inteligência imobiliária,
Locates,Aquisição,Inteligência imobiliária,
Captei,Aquisição,Inteligência imobiliária,
Terreno Certo - seu hub de negócios,Aquisição,Inteligência imobiliária,
Siila,Aquisição,Inteligência imobiliária,
fisgar,Aquisição,Inteligência imobiliária,
Inovyo - market intelligence,Aquisição,Inteligência imobiliária,
iConatus,Aquisição,Inteligência imobiliária,
Aluguel virtual,Aquisição,Inteligência imobiliária,
Avendre,Aquisição,Inteligência imobiliária,
Nivu,Aquisição,Inteligência imobiliária,
Quires,Aquisição,Inteligência imobiliária,
iion - inteligência imobiliária on demand,Aquisição,Inteligência imobiliária,
Trustdata (tech),Aquisição,Inteligência imobiliária,
36Zero,Aquisição,Inteligência imobiliária,
Neural Broker - inteligência artificial imobiliária,Aquisição,Assistente pessoal,
fechô,Aquisição,Assistente pessoal,
Sonho=Casa (saia do aluguel),Aquisição,Assistente pessoal,
campeia.,Aquisição,Esteira digital,
ruadois,Aquisição,Esteira digital,
Verta,Aquisição,Esteira digital,
apresenta.me,Aquisição,Esteira digital,
Alude,Aquisição,Esteira digital,
pipeimob - sistema de transações imobiliárias,Aquisição,Esteira digital,
Dommus (tecnologia),Aquisição,Esteira digital,
Alugamais,Aquisição,Esteira digital,
imóvelp,Aquisição,Agenciamento de imóveis,
HAUS agência imobiliária,Aquisição,Agenciamento de imóveis,
imobelix,Aquisição,Agenciamento de imóveis,
agencie imóveis,Aquisição,Agenciamento de imóveis,
MatchHouse,Aquisição,Listing,
Bel,Aquisição,Listing,
Buskaza,Aquisição,Listing,
zigoo,Aquisição,Listing,
mudee,Aquisição,Portal,
vertra,Aquisição,Portal,
apto,Aquisição,Portal,
SUB100,Aquisição,Portal,
trular,Aquisição,Portal,
nestoria,Aquisição,Portal,
imovelk,Aquisição,Portal,
terraz,Aquisição,Portal,
urbay,Aquisição,Portal,
ImóvelAPP,Aquisição,Portal,
iMudou,Aquisição,Portal,
estoque imóvel,Aquisição,Portal,
Meu metro²,Aquisição,Portal,
Haus Imobi (imóveis),Aquisição,Portal,
cliqueimudei,Aquisição,Portal,
doorz,Aquisição,Portal,
chaves na mão,Aquisição,Portal,
imovomap - um jeito novo de encontrar seu imóvel,Aquisição,Portal,
ClickGalpões,Aquisição,Portal,
especifica.,Aquisição,Portal,
imovago.com.br,Aquisição,Portal,
redeimcasa,Aquisição,Portal,
Só Casa Top,Aquisição,Portal,
Skymoby,Aquisição,Portal,
Bid Gram,Aquisição,Portal,
prop. menu,Aquisição,Portal,
web escritórios,Aquisição,Portal,
web industrial,Aquisição,Portal,
ANUVA,Aquisição,Portal,
Temporada Livre,Aquisição,Portal,
WebQuarto,Aquisição,Portal,
2lar.com,Aquisição,Portal,
flat.com.br,Aquisição,Portal,
viajar temporada,Aquisição,Portal,
um/quarto (1/4),Aquisição,Portal,
AlugaON,Aquisição,Portal,
pousadas.top,Aquisição,Portal,
DWV App,Aquisição,Canal de parcerias,
OTTO,Aquisição,Canal de parcerias,
Recruta-Imob,Aquisição,Canal de parcerias,
homer,Aquisição,Canal de parcerias,
movimobi,Aquisição,Canal de parcerias,
im7,Aquisição,Canal de parcerias,
imoveistock,Aquisição,Canal de parcerias,
BIGMOB,Aquisição,Canal de parcerias,
órulo,Aquisição,Canal de parcerias,
nonstop,Aquisição,Canal de parcerias,
meit,Aquisição,Canal de parcerias,
Rankim,Aquisição,Intermediação digital,
imóveisjet,Aquisição,Intermediação digital,
Pilar,Aquisição,Intermediação digital,
Lokkan - A imobiliária digital,Aquisição,Intermediação digital,
MySide,Aquisição,Intermediação digital,
test house,Aquisição,Intermediação digital,
Kenlo,Aquisição,Intermediação digital,
Quick2Sell,Aquisição,Intermediação digital,
Comprei,Aquisição,Intermediação digital,
nethomes,Aquisição,Intermediação digital,
AoCubo,Aquisição,Intermediação digital,
apê11,Aquisição,Intermediação digital,
Neo - New Estate Only,Aquisição,Intermediação digital,
Ymove,Aquisição,Intermediação digital,
Homeroque,Aquisição,Intermediação digital,
Newcore,Aquisição,Intermediação digital,
UBlink,Aquisição,Intermediação digital,
Capt Imóveis,Aquisição,Intermediação digital,
HomeHub - by Judice&Araujo,Aquisição,Intermediação digital,
LAR,Aquisição,Intermediação digital,
IMOTECH - inovação e tecnologia,Aquisição,Intermediação digital,
ocka,Aquisição,Intermediação digital,
Aluggar,Aquisição,Intermediação digital,
7cantos.com,Aquisição,Intermediação digital,
mobg,Aquisição,Intermediação digital,
MUDEii,Aquisição,Intermediação digital,
UP Estate,Aquisição,Intermediação digital,
aluguel pago,Aquisição,Intermediação digital,
BoldHouse,Aquisição,Intermediação digital,
PlacetoBe,Aquisição,Intermediação digital,
Silla Spot,Aquisição,Intermediação digital,
Loppo,Aquisição,Intermediação digital,
Matched,Aquisição,Intermediação digital,
Plaza,Aquisição,Intermediação digital,
alugaê,Aquisição,Intermediação digital,
SuaQuadra,Aquisição,Intermediação digital,
Symbaros,Aquisição,Intermediação digital,
casaprogramada,Aquisição,Desitermediação,
Orbitare,Aquisição,Desitermediação,
Proprietário Direto,Aquisição,Desitermediação,
compre alugue agora,Aquisição,Desitermediação,
livima,Aquisição,Desitermediação,
ABRIGAR - LIcitações de imóveis particulares,Aquisição,Desitermediação,
zero comissão,Aquisição,Desitermediação,
VSIO,Aquisição,Desitermediação,
nobeehouse,Aquisição,Desitermediação,
mell.ro,Aquisição,Desitermediação,
moben,Aquisição,Desitermediação,
zimobi,Aquisição,Desitermediação,
querolar,Aquisição,Desitermediação,
ladyge,Aquisição,Plataforma de investimento,
CAPTAL,Aquisição,Plataforma de investimento,
Vórtx QR Tokenizadora,Aquisição,Plataforma de investimento,
invisto,Aquisição,Plataforma de investimento,
Capital Concreto - incorporação,Aquisição,Plataforma de investimento,
Tokeniza,Aquisição,Plataforma de investimento,
captur,Aquisição,Plataforma de investimento,
ribus,Aquisição,Plataforma de investimento,
neoin,Aquisição,Plataforma de investimento,
trix,Aquisição,Plataforma de investimento,
Ret Capital - Real Estate Tech,Aquisição,Plataforma de investimento,
Insignia,Aquisição,Plataforma de investimento,
revin.,Aquisição,Plataforma de investimento,
divvy,Aquisição,Plataforma de investimento,
liqi,Aquisição,Plataforma de investimento,
safe swap,Aquisição,Gestão de pagamentos,
Tikpag,Aquisição,Gestão de pagamentos,
SplitC,Aquisição,Gestão de pagamentos,
linkpay,Aquisição,Gestão de pagamentos,
bolsovirtual,Aquisição,Gestão de pagamentos,
Hashlar - Real Estate Crypto Payment,Aquisição,Gestão de pagamentos,
Safe2Go,Aquisição,Seguro,
credaluga,Aquisição,Seguro,
MigraSeguros,Aquisição,Seguro,
grazon,Aquisição,Seguro,
Fiança Rápida,Aquisição,Seguro,
Flix,Aquisição,Seguro,
180Seguros,Aquisição,Seguro,
granto seguros,Aquisição,Seguro,
Simple2u,Aquisição,Seguro,
bem.te.vi seguros,Aquisição,Seguro,
FCanalise digital,Aquisição,Análise de locatário,
euAcerto,Aquisição,Análise de locatário,
imobmeet,Aquisição,Showcase,
FOTOP,Aquisição,Showcase,
Alice Wonders - Tech Driven Experiences,Aquisição,Showcase,
FYRStudio,Aquisição,Showcase,
3D explora,Aquisição,Showcase,
piperz,Aquisição,Showcase,
ATT,Aquisição,Showcase,
SKYLINE - inovação & produções,Aquisição,Showcase,
3 blocks,Aquisição,Showcase,
My360 realidade virtual,Aquisição,Showcase,
sheephouse,Aquisição,Showcase,
Escala 3D,Aquisição,Showcase,
tzs lab,Aquisição,Showcase,
yourside group,Aquisição,Showcase,
hollox,Aquisição,Showcase,
im xr,Aquisição,Showcase,
setvirtual,Aquisição,Showcase,
VOR,Aquisição,Showcase,
Dropview,Aquisição,Showcase,
Fuel,Aquisição,Showcase,
beupse,Aquisição,Showcase,
meu tour 360 - realidade virtual,Aquisição,Showcase,
VR one,Aquisição,Showcase,
MeuPasseioVirtual,Aquisição,Showcase,
XSpaces,Aquisição,Showcase,
iTeleport,Aquisição,Showcase,
GENIA,Aquisição,Showcase,
MVV Realidade Virtual,Aquisição,Showcase,
vistahub,Aquisição,Showcase,
banib - Tour Virtual para negócios,Aquisição,Showcase,
3D Pictures - visualizando o futuro,Aquisição,Showcase,
vila 360,Aquisição,Showcase,
blue storm studios,Aquisição,Showcase,
Bugaboo Studio,Aquisição,Showcase,
Garantii,Aquisição,Garantia Locatícia,
Alugue Certo,Aquisição,Garantia Locatícia,
ondasegura,Aquisição,Garantia Locatícia,
compagno,Aquisição,Garantia Locatícia,
locarmais,Aquisição,Garantia Locatícia,
tio Giba,Aquisição,Garantia Locatícia,
Seu Fiador,Aquisição,Garantia Locatícia,
Avalyst,Aquisição,Garantia Locatícia,
InMediam - Garantia Locatícia,Aquisição,Garantia Locatícia,
alpop,Aquisição,Garantia Locatícia,
soluzi - garantia locatícia,Aquisição,Garantia Locatícia,
u cred,Aquisição,Garantia Locatícia,
Fiantec - Fiança Locatícia,Aquisição,Garantia Locatícia,
MYDOOR,Aquisição,Fractional Ownership,
netspaces,Aquisição,Fractional Ownership,
Zuvia,Aquisição,Fractional Ownership,
junttus,Aquisição,Fractional Ownership,
2Share Multipropriedades,Aquisição,Fractional Ownership,
WEHO,Aquisição,Fractional Ownership,
ApolloEX,Aquisição,Fractional Ownership,
wconnect,Aquisição,Fractional Ownership,
sonica,Aquisição,Fractional Ownership,
AXT PropTech,Aquisição,Fractional Ownership,
flexu houses,Aquisição,Fractional Ownership,
Percento %,Aquisição,Fractional Ownership,
casaway,Aquisição,Fractional Ownership,
bomconsórcio,Aquisição,Captação de recursos,
DIRETO.,Aquisição,Captação de recursos,
klubi,Aquisição,Captação de recursos,
REEX,Aquisição,Captação de recursos,
FINANZ,Aquisição,Captação de recursos,
solv.,Aquisição,Captação de recursos,
VERSI,Aquisição,Captação de recursos,
consorciei,Aquisição,Captação de recursos,
andalafat negócios,Aquisição,Captação de recursos,
Parcelinha Digital,Aquisição,Captação de recursos,
AmFi,Aquisição,Captação de recursos,
NanoCapital,Aquisição,Captação de recursos,
UP Consórcios,Aquisição,Captação de recursos,
CREDUP - crédito incentivado,Aquisição,Captação de recursos,
crediblue,Aquisição,Captação de recursos,
Bank2B,Aquisição,Captação de recursos,
bom pra crédito,Aquisição,Captação de recursos,
aMORA,Aquisição,Captação de recursos,
TKS Cash,Aquisição,Captação de recursos,
Lend Me,Aquisição,Captação de recursos,
house credi,Aquisição,Captação de recursos,
Pontte,Aquisição,Captação de recursos,
CrediCatarina,Aquisição,Captação de recursos,
cedulla,Aquisição,Captação de recursos,
cashgo,Aquisição,Captação de recursos,
DUNNING - Gestão de Recebíveis,Aquisição,Captação de recursos,
Bold.Finance,Aquisição,Captação de recursos,
HOMELEND,Aquisição,Captação de recursos,
credikasa,Aquisição,Captação de recursos,
financiei.,Aquisição,Captação de recursos,
zixpay,Aquisição,Captação de recursos,
neohome,Aquisição,Captação de recursos,
R3KA,Aquisição,Captação de recursos,
Volpi,Aquisição,Captação de recursos,
Felí,Aquisição,Captação de recursos,
concede,Aquisição,Captação de recursos,
BRICKER,Aquisição,Captação de recursos,
LEVI,Aquisição,Captação de recursos,
APPROVA,Aquisição,Captação de recursos,
melhortaxa,Aquisição,Captação de recursos,
Consórcio eutbem ,-),Aquisição,Crédito Imobiliário
CrediHabitar,Aquisição,Captação de recursos,
Turn2C,Aquisição,Captação de recursos,
gruppi,Aquisição,Captação de recursos,
Mycon,Aquisição,Captação de recursos,
sejabest,Aquisição,Captação de recursos,
mudhra,Aquisição,Captação de recursos,
ASSINO - crédito imobiliário,Aquisição,Captação de recursos,
credimorar,Aquisição,Captação de recursos,
Mahauz,Aquisição,Captação de recursos,
EasyCrédito - seu crédito na palma da mão,Aquisição,Captação de recursos,
Investimento Certo,Aquisição,Captação de recursos,
Morada dos Sonhos,Aquisição,Captação de recursos,
Minha Casa Financiada,Aquisição,Captação de recursos,
avalion - avaliação e captação de imóveis,Aquisição,Valuation de imóveis,
EEmovel - inteligência imobiliária,Aquisição,Valuation de imóveis,
Konstit,Aquisição,Valuation de imóveis,
M² Info,Aquisição,Valuation de imóveis,
proto,Aquisição,Valuation de imóveis,
zuk,Aquisição,Imóveis estressados,
TEZA,Aquisição,Imóveis estressados,
Leeilo,Aquisição,Imóveis estressados,
solve,Aquisição,Imóveis estressados,
resale,Aquisição,Imóveis estressados,
ROOFTOP,Aquisição,Imóveis estressados,
Leilão Imóvel,Aquisição,Imóveis estressados,
MORADA,Aquisição,Imóveis estressados,
Procura Bem,Aquisição,Imóveis estressados,
BCO Leilões,Aquisição,Imóveis estressados,
D1Lance Leilões,Aquisição,Imóveis estressados,
SPY Leilões,Aquisição,Imóveis estressados,
WeMind Invest,Aquisição,Imóveis estressados,
BH Vistoria Predial,Aquisição,Vistoria de imóveis,
VISItown,Aquisição,Vistoria de imóveis,
CHECASA,Aquisição,Vistoria de imóveis,
vistoria completa,Aquisição,Vistoria de imóveis,
hauseful,Aquisição,Vistoria de imóveis,
gruporv - redevistorias e redeconfiax,Aquisição,Vistoria de imóveis,
Grupo palavra,Aquisição,Vistoria de imóveis,
Visita Virtual,Aquisição,Vistoria de imóveis,
r uu m,Aquisição,Virtual homestaging,
LAMBRIS,Aquisição,Virtual homestaging,
Personalar,Aquisição,Virtual homestaging,
REFITT,Aquisição,Ibuyer,
house flipping,Aquisição,Ibuyer,
ops ganhei,Aquisição,Outros,
Smart Imobi,Aquisição,Outros,
WeBro pay,Aquisição,Outros,
EXPANDIFY - Grow Your Business,Aquisição,Geomarketing,
OptPlacer,Aquisição,Geomarketing,
BestSpaces,Aquisição,Geomarketing,
linkages,Aquisição,Geomarketing,
Datlo,Aquisição,Geomarketing,
mapfry,Aquisição,Geomarketing,
space hunters,Aquisição,Geomarketing,
divid,Propriedade em Uso,Coliving,
oka,Propriedade em Uso,Coliving,
coliiv,Propriedade em Uso,Coliving,
yolo coliving,Propriedade em Uso,Coliving,
home team,Propriedade em Uso,Coliving,
Share Student Living,Propriedade em Uso,Student living,
Parkside,Propriedade em Uso,Student living,
UNIPOINT – Student Housing,Propriedade em Uso,Student living,
Uliving – Student Housing,Propriedade em Uso,Student living,
4student,Propriedade em Uso,Student living,
woba,Propriedade em Uso,Coworking,
outoo,Propriedade em Uso,Coworking,
dezker,Propriedade em Uso,Coworking,
Jobpass,Propriedade em Uso,Coworking,
conexa,Propriedade em Uso,Coworking,
gendo,Propriedade em Uso,Coworking,
Ybizza,Propriedade em Uso,Coworking,
Key Place - flexible spaces worldwide,Propriedade em Uso,Coworking,
SeniorOnline,Propriedade em Uso,Senior living,
Morar Sênior,Propriedade em Uso,Senior living,
gero360,Propriedade em Uso,Senior living,
portal casas de repouso – facilitando a vida,Propriedade em Uso,Senior living,
sssenior.com,Propriedade em Uso,Senior living,
Clinovi - consultórios com serviços,Propriedade em Uso,Compartilhamento de espaços,
clina.care,Propriedade em Uso,Compartilhamento de espaços,
Livance,Propriedade em Uso,Compartilhamento de espaços,
Clinspace,Propriedade em Uso,Compartilhamento de espaços,
wedoctors,Propriedade em Uso,Compartilhamento de espaços,
veromobili,Propriedade em Uso,Decoração,
movêu,Propriedade em Uso,Decoração,
cômodo.,Propriedade em Uso,Decoração,
Criativando - Home Design,Propriedade em Uso,Decoração,
sofá na caixa,Propriedade em Uso,Decoração,
BOOBAM,Propriedade em Uso,Decoração,
CLUB&CASA DESIGN,Propriedade em Uso,Decoração,
oikko,Propriedade em Uso,Decoração,
arquitetool,Propriedade em Uso,Decoração,
CASA Z,Propriedade em Uso,Decoração,
MeuMobbi,Propriedade em Uso,Decoração,
archy.me,Propriedade em Uso,Decoração,
CASAPRONTA - Design e Interiores,Propriedade em Uso,Decoração,
weplan,Propriedade em Uso,Decoração,
TUIM,Propriedade em Uso,Decoração,
spaceflix,Propriedade em Uso,Decoração,
BEM BACANA,Propriedade em Uso,Decoração,
VIVADecora,Propriedade em Uso,Decoração,
Redraw,Propriedade em Uso,Decoração,
Star Colors,Propriedade em Uso,Decoração,
yogha.,Propriedade em Uso,Gestão de propriedades,
VILA11,Propriedade em Uso,Gestão de propriedades,
belong,Propriedade em Uso,Gestão de propriedades,
Luggo,Propriedade em Uso,Gestão de propriedades,
me2rentals experience,Propriedade em Uso,Gestão de propriedades,
Administramos imóveis,Propriedade em Uso,Gestão de propriedades,
TABAS by BLUEGROUND,Propriedade em Uso,Gestão de propriedades,
YUCA,Propriedade em Uso,Gestão de propriedades,
VIVER my way,Propriedade em Uso,Gestão de propriedades,
Test Drive do Imóvel,Propriedade em Uso,Gestão de propriedades,
eConfor,Propriedade em Uso,Gestão de propriedades,
bnbguests,Propriedade em Uso,Gestão de propriedades,
tactu,Propriedade em Uso,Gestão de propriedades,
charlie,Propriedade em Uso,Gestão de propriedades,
seazone,Propriedade em Uso,Gestão de propriedades,
Housi,Propriedade em Uso,Gestão de propriedades,
conviva,Propriedade em Uso,Gestão de propriedades,
wecare,Propriedade em Uso,Gestão de propriedades,
MAHNAI,Propriedade em Uso,Gestão de propriedades,
Super Anfitrião,Propriedade em Uso,Gestão de propriedades,
535homes,Propriedade em Uso,Gestão de propriedades,
anyLife,Propriedade em Uso,Gestão de propriedades,
xtay,Propriedade em Uso,Gestão de propriedades,
LikeHome - Gestão e Hospedagens,Propriedade em Uso,Gestão de propriedades,
OBA APARTMENTS,Propriedade em Uso,Gestão de propriedades,
be my guest,Propriedade em Uso,Gestão de propriedades,
Trevizzo,Propriedade em Uso,Gestão de propriedades,
Anfitriões de Aluguel,Propriedade em Uso,Gestão de propriedades,
welhome,Propriedade em Uso,Gestão de propriedades,
quarto à vista,Propriedade em Uso,Gestão de propriedades,
Carpediem Homes,Propriedade em Uso,Gestão de propriedades,
Comprar&decorar,Propriedade em Uso,Gestão de propriedades,
Omar do Rio,Propriedade em Uso,Gestão de propriedades,
Lobie,Propriedade em Uso,Gestão de propriedades,
360 suites,Propriedade em Uso,Gestão de propriedades,
tripmood,Propriedade em Uso,Gestão de propriedades,
SmartSharing,Propriedade em Uso,Gestão de propriedades,
BemVindo - imóveis por temporada,Propriedade em Uso,Gestão de propriedades,
cyclinn,Propriedade em Uso,Gestão de propriedades,
PINEAPPLES,Propriedade em Uso,Gestão de propriedades,
scaza,Propriedade em Uso,Gestão de propriedades,
spacein,Propriedade em Uso,Gestão de propriedades,
Tag,Propriedade em Uso,Gestão de propriedades,
stays,Propriedade em Uso,Gestão de propriedades,
PROGUEST,Propriedade em Uso,Gestão de propriedades,
HQBeds,Propriedade em Uso,Gestão de propriedades,
paypow,Propriedade em Uso,Gestão de propriedades,
ANFITRIÃO PRIME,Propriedade em Uso,Gestão de propriedades,
bhomy.com,Propriedade em Uso,Gestão de propriedades,
SCOD BRASIL,Propriedade em Uso,Gestão de propriedades,
HSystem,Propriedade em Uso,Gestão de propriedades,
Quadra Urbana,Propriedade em Uso,Gestão de propriedades,
LocX,Propriedade em Uso,Gestão de propriedades,
bitz,Propriedade em Uso,Gestão de propriedades,
AYRTON,Propriedade em Uso,Gestão de propriedades,
skedway,Propriedade em Uso,Workplace analytics,
neowrk.,Propriedade em Uso,Workplace analytics,
where,Propriedade em Uso,Workplace analytics,
WiseOffices,Propriedade em Uso,Workplace analytics,
deskbee,Propriedade em Uso,Workplace analytics,
ARQUITETO DE BOLSO,Propriedade em Uso,Plataforma de projetos arquitetônicos,
archie,Propriedade em Uso,Plataforma de projetos arquitetônicos,
decoradornet,Propriedade em Uso,Plataforma de projetos arquitetônicos,
ARCHA (studio/archa),Propriedade em Uso,Plataforma de projetos arquitetônicos,
Arquitetos por Hora,Propriedade em Uso,Plataforma de projetos arquitetônicos,
BOUTIQUE LAB,Propriedade em Uso,Plataforma de projetos arquitetônicos,
la decora,Propriedade em Uso,Plataforma de projetos arquitetônicos,
DECORA CLICK,Propriedade em Uso,Plataforma de projetos arquitetônicos,
projeto num clique,Propriedade em Uso,Plataforma de projetos arquitetônicos,
1COMODO,Propriedade em Uso,Reformas,
truliv,Propriedade em Uso,Reformas,
lofteria,Propriedade em Uso,Reformas,
akomod,Propriedade em Uso,Reformas,
Corbu,Propriedade em Uso,Reformas,
vobi,Propriedade em Uso,Reformas,
namecheap,Propriedade em Uso,Reformas,
spotlar,Propriedade em Uso,Reformas,
hup,Propriedade em Uso,Reformas,
CONECTA REFORMA,Propriedade em Uso,Reformas,
VistoPRED,Propriedade em Uso,Reformas,
GADUGI Reformas,Propriedade em Uso,Reformas,
Plin condomínios,Propriedade em Uso,Condomínios,
condofy,Propriedade em Uso,Condomínios,
4D imobi,Propriedade em Uso,Condomínios,
Rede Síndicos,Propriedade em Uso,Condomínios,
concessus,Propriedade em Uso,Condomínios,
Engelink,Propriedade em Uso,Condomínios,
Casa do Síndico,Propriedade em Uso,Condomínios,
SUPPLAI,Propriedade em Uso,Condomínios,
Presto,Propriedade em Uso,Condomínios,
market4u,Propriedade em Uso,Condomínios,
eletro moove,Propriedade em Uso,Condomínios,
Trela,Propriedade em Uso,Condomínios,
rentbrella,Propriedade em Uso,Condomínios,
2u,Propriedade em Uso,Condomínios,
wali,Propriedade em Uso,Condomínios,
market wow,Propriedade em Uso,Condomínios,
armários inteligentes,Propriedade em Uso,Condomínios,
TECNORISE,Propriedade em Uso,Condomínios,
ConectCon,Propriedade em Uso,Condomínios,
OnMesh,Propriedade em Uso,Condomínios,
Conviver - App de condomínios,Propriedade em Uso,Condomínios,
communy,Propriedade em Uso,Condomínios,
apepê,Propriedade em Uso,Condomínios,
almah,Propriedade em Uso,Condomínios,
Ohtel - condomínios inteligentes,Propriedade em Uso,Condomínios,
Smarttcon - condomínios inteligentes,Propriedade em Uso,Condomínios,
Síndico Online - Gestão Condominial,Propriedade em Uso,Condomínios,
organize meu condomínio,Propriedade em Uso,Condomínios,
mycond,Propriedade em Uso,Condomínios,
Condox,Propriedade em Uso,Condomínios,
condomob,Propriedade em Uso,Condomínios,
Realiza (Realiza TI),Propriedade em Uso,Condomínios,
myvillage,Propriedade em Uso,Condomínios,
CONDOBOX,Propriedade em Uso,Condomínios,
uCondo,Propriedade em Uso,Condomínios,
ByDoor,Propriedade em Uso,Condomínios,
Moviva (Cosimo),Propriedade em Uso,Condomínios,
CONDSIS,Propriedade em Uso,Condomínios,
APPTOHOME,Propriedade em Uso,Condomínios,
CONDLINK,Propriedade em Uso,Condomínios,
LIVROata,Propriedade em Uso,Condomínios,
Seu condomínio,Propriedade em Uso,Condomínios,
ap.controle,Propriedade em Uso,Condomínios,
homebook - smart portaria,Propriedade em Uso,Condomínios,
severino app,Propriedade em Uso,Condomínios,
acolweb,Propriedade em Uso,Condomínios,
ETHOS VIVET,Propriedade em Uso,Condomínios,
winker,Propriedade em Uso,Condomínios,
SmartSíndico,Propriedade em Uso,Condomínios,
Condomínio App,Propriedade em Uso,Condomínios,
be all bee,Propriedade em Uso,Condomínios,
Livo,Propriedade em Uso,Condomínios,
DoctorCondo,Propriedade em Uso,Condomínios,
Nok Nox,Propriedade em Uso,Condomínios,
greenclub,Propriedade em Uso,Condomínios,
Minha Coleta,Propriedade em Uso,Condomínios,
WasteBank,Propriedade em Uso,Condomínios,
valora,Propriedade em Uso,Condomínios,
Ciclefy,Propriedade em Uso,Condomínios,
VERDEACQUA,Propriedade em Uso,Condomínios,
trashin,Propriedade em Uso,Condomínios,
SOLOS,Propriedade em Uso,Condomínios,
Green Mining,Propriedade em Uso,Condomínios,
Você Recicla,Propriedade em Uso,Condomínios,
Eco Circuito,Propriedade em Uso,Condomínios,
NUTRICAR,Propriedade em Uso,Condomínios,
Onii,Propriedade em Uso,Condomínios,
vendify,Propriedade em Uso,Condomínios,
snackin',Propriedade em Uso,Condomínios,
SMARTBREAK,Propriedade em Uso,Condomínios,
peggô market,Propriedade em Uso,Condomínios,
easy market - honest culture,Propriedade em Uso,Condomínios,
vendPerto - mini market,Propriedade em Uso,Condomínios,
InHouse market,Propriedade em Uso,Condomínios,
BE HONEST,Propriedade em Uso,Condomínios,
Minha Quitandinha,Propriedade em Uso,Condomínios,
fast4you,Propriedade em Uso,Condomínios,
Malu Market,Propriedade em Uso,Condomínios,
CONDOSTORE,Propriedade em Uso,Condomínios,
Honest Market,Propriedade em Uso,Condomínios,
Seletto in,Propriedade em Uso,Condomínios,
condopay,Propriedade em Uso,Condomínios,
CONDOCONTA,Propriedade em Uso,Condomínios,
AZURITTA,Propriedade em Uso,Condomínios,
CONDOBEM,Propriedade em Uso,Condomínios,
CondoCash,Propriedade em Uso,Condomínios,
CondoBlue,Propriedade em Uso,Condomínios,
6P BANK,Propriedade em Uso,Condomínios,
CondCred,Propriedade em Uso,Condomínios,
HR Digital,Propriedade em Uso,Condomínios,
wohpag,Propriedade em Uso,Condomínios,
CondoMoney,Propriedade em Uso,Condomínios,
Condolivre,Propriedade em Uso,Condomínios,
DEDUZ,Propriedade em Uso,Condomínios,
ESTAIADA,Propriedade em Uso,Condomínios,
atende portaria,Propriedade em Uso,Condomínios,
monuv,Propriedade em Uso,Condomínios,
DRIKEY,Propriedade em Uso,Condomínios,
w3lcome,Propriedade em Uso,Condomínios,
Camerite,Propriedade em Uso,Condomínios,
Gabriel,Propriedade em Uso,Condomínios,
smartvisit,Propriedade em Uso,Condomínios,
accessrun,Propriedade em Uso,Condomínios,
EasyFront,Propriedade em Uso,Condomínios,
queromorar,Propriedade em Uso,Condomínios,
condfy,Propriedade em Uso,Condomínios,
findme,Propriedade em Uso,Condomínios,
HAILA,Propriedade em Uso,Condomínios,
pxTalk,Propriedade em Uso,Condomínios,
Letmein,Propriedade em Uso,Condomínios,
CONSIS,Propriedade em Uso,Condomínios,
ebrigada - prevenção de sinistros,Propriedade em Uso,Condomínios,
beNuvem,Propriedade em Uso,Condomínios,
cosecurity,Propriedade em Uso,Condomínios,
eCondos,Propriedade em Uso,Condomínios,
Linha Direta,Propriedade em Uso,Condomínios,
REMOTY,Propriedade em Uso,Condomínios,
SHIELDER,Propriedade em Uso,Condomínios,
atendeai,Propriedade em Uso,Condomínios,
Quasar Tech,Propriedade em Uso,Condomínios,
LogShare,Propriedade em Uso,Logística,
goFlux,Propriedade em Uso,Logística,
tag2u,Propriedade em Uso,Logística,
MUDZ,Propriedade em Uso,Logística,
NEZTI,Propriedade em Uso,Logística,
magikey,Propriedade em Uso,Smart building,
podesubir,Propriedade em Uso,Smart building,
Loomy,Propriedade em Uso,Smart building,
SiiSmart,Propriedade em Uso,Smart building,
SQUAIR,Propriedade em Uso,Smart building,
nway pro,Propriedade em Uso,Smart building,
TRINITYSIS,Propriedade em Uso,Smart building,
MANU HELP,Propriedade em Uso,Facilities,
Manu 2b,Propriedade em Uso,Facilities,
Leankeep,Propriedade em Uso,Facilities,
trackfy,Propriedade em Uso,Facilities,
TRACTIAN,Propriedade em Uso,Facilities,
Metam,Propriedade em Uso,Facilities,
SAFEB,Propriedade em Uso,Facilities,
Produttivo,Propriedade em Uso,Facilities,
Melvin,Propriedade em Uso,Facilities,
7Dtech - imobcare,Propriedade em Uso,Facilities,
trílogo,Propriedade em Uso,Facilities,
Éleme,Propriedade em Uso,Facilities,
DronePower,Propriedade em Uso,Facilities,
Allexo - tecnologia,Propriedade em Uso,Facilities,
FOHAT,Propriedade em Uso,Facilities,
MethaEnergia,Propriedade em Uso,Facilities,
beenergy,Propriedade em Uso,Facilities,
SolarView,Propriedade em Uso,Facilities,
IGOAL - tecnologia,Propriedade em Uso,Facilities,
TRADENERGY,Propriedade em Uso,Facilities,
DISPOR Energia,Propriedade em Uso,Facilities,
POLUS,Propriedade em Uso,Facilities,
Delfos,Propriedade em Uso,Facilities,
Bow-e,Propriedade em Uso,Facilities,
tyr,Propriedade em Uso,Facilities,
clarke energia,Propriedade em Uso,Facilities,
Ativa energia,Propriedade em Uso,Facilities,
enercycle,Propriedade em Uso,Facilities,
CUBI energia,Propriedade em Uso,Facilities,
Energia das Coisas,Propriedade em Uso,Facilities,
NEX Energy,Propriedade em Uso,Facilities,
eficienergy,Propriedade em Uso,Facilities,
medeage,Propriedade em Uso,Facilities,
MONDI ENERGY,Propriedade em Uso,Facilities,
Enerzee,Propriedade em Uso,Facilities,
T&D Sustentável,Propriedade em Uso,Facilities,
piipee,Propriedade em Uso,Facilities,
stattus4,Propriedade em Uso,Facilities,
BLUETECH Liquid,Propriedade em Uso,Facilities,
sagatech,Propriedade em Uso,Facilities,
acqua logic,Propriedade em Uso,Facilities,
HIDROMETRIC,Propriedade em Uso,Facilities,
neowater - eficiência hídrica,Propriedade em Uso,Facilities,
PLUVI - soluções ambientais inteligentes,Propriedade em Uso,Facilities,
LoopKey,Propriedade em Uso,Smart home,
bluelux,Propriedade em Uso,Smart home,
dyonaOS,Propriedade em Uso,Smart home,
dooma,Propriedade em Uso,Smart home,
WiseHome,Propriedade em Uso,Smart home,
Smartek Life,Propriedade em Uso,Smart home,
Chavi,Propriedade em Uso,Smart home,
BEYOND,Propriedade em Uso,Smart home,
kokar,Propriedade em Uso,Smart home,
hub,Propriedade em Uso,Smart home,
HAUSENN+,Propriedade em Uso,Smart home,
houseasy,Propriedade em Uso,Smart home,
VOXEPOWER,Propriedade em Uso,Utilities,
NeoCharge,Propriedade em Uso,Utilities,
yellotmob,Propriedade em Uso,Utilities,
wecharge,Propriedade em Uso,Utilities,
tupi,Propriedade em Uso,Utilities,
movE,Propriedade em Uso,Utilities,
greenv,Propriedade em Uso,Utilities,
POWER2GO,Propriedade em Uso,Utilities,
ZuuZ - Mobilidade Elétrica,Propriedade em Uso,Utilities,
Zletric,Propriedade em Uso,Utilities,
Eletricus,Propriedade em Uso,Utilities,
INCHARGE,Propriedade em Uso,Utilities,
ELEVENTEC,Propriedade em Uso,Utilities,
EZVolt,Propriedade em Uso,Utilities,
VoltBras,Propriedade em Uso,Utilities,
minum,Propriedade em Uso,Utilities,
flora,Propriedade em Uso,Utilities,
solar21,Propriedade em Uso,Utilities,
reverde,Propriedade em Uso,Utilities,
yellot,Propriedade em Uso,Utilities,
NewSun,Propriedade em Uso,Utilities,
Ecosol - condomínio solar,Propriedade em Uso,Utilities,
CleanClic,Propriedade em Uso,Utilities,
MAYA ENERGY,Propriedade em Uso,Utilities,
sunnyhub,Propriedade em Uso,Utilities,
EGRONN,Propriedade em Uso,Utilities,
Electy,Propriedade em Uso,Utilities,
SUNRENT,Propriedade em Uso,Utilities,
sunne,Propriedade em Uso,Utilities,
SOLSTAR,Propriedade em Uso,Utilities,
GENYX,Propriedade em Uso,Utilities,
Fin.Yellow,Propriedade em Uso,Utilities,
holu,Propriedade em Uso,Utilities,
SUN MOBI,Propriedade em Uso,Utilities,
Lemon,Propriedade em Uso,Utilities,
alba - energia solar,Propriedade em Uso,Utilities,
edsun,Propriedade em Uso,Utilities,
Cartão Solar,Propriedade em Uso,Utilities,
JUNTOS - energia compartilhada,Propriedade em Uso,Utilities,
Gynga,Propriedade em Uso,Utilities,
grupo eneergia,Propriedade em Uso,Utilities,
sunlabs,Propriedade em Uso,Utilities,
meu financiamento solar,Propriedade em Uso,Utilities,
conexão solar,Propriedade em Uso,Utilities,
Renova Green,Propriedade em Uso,Utilities,
First Energy,Propriedade em Uso,Utilities,
ENERGY Review,Propriedade em Uso,Utilities,
KitchenCentral,Propriedade em Uso,Outros,
Preservaland,Propriedade em Uso,Outros,
appito,Propriedade em Uso,Outros,
kitchenfy,Propriedade em Uso,Outros,
QZela,Propriedade em Uso,Outros,
mosquitter,Propriedade em Uso,Outros,
Clube FII,Propriedade em Uso,Outros,
agendaboa,Propriedade em Uso,Prestadores de serviço,
tranpo,Propriedade em Uso,Prestadores de serviço,
GoPrestador,Propriedade em Uso,Prestadores de serviço,
otto - repare,Propriedade em Uso,Prestadores de serviço,
triider,Propriedade em Uso,Prestadores de serviço,
melhores diaristas,Propriedade em Uso,Prestadores de serviço,
entendantes (Entenda Antes),Propriedade em Uso,Prestadores de serviço,
refera,Propriedade em Uso,Prestadores de serviço,
clin,Propriedade em Uso,Prestadores de serviço,
MeuVidraceiro,Propriedade em Uso,Prestadores de serviço,
GENNTE,Propriedade em Uso,Prestadores de serviço,
DeCASA,Propriedade em Uso,Prestadores de serviço,
parafuzo,Propriedade em Uso,Prestadores de serviço,
donamaid,Propriedade em Uso,Prestadores de serviço,
famyle,Propriedade em Uso,Prestadores de serviço,
HELPIE!,Propriedade em Uso,Prestadores de serviço,
RENOVE JÁ,Propriedade em Uso,Prestadores de serviço,
CASAJEITADA,Propriedade em Uso,Prestadores de serviço,
brisk - your place,Propriedade em Uso,Gestão de estacionamento,
valeti,Propriedade em Uso,Gestão de estacionamento,
RENOVE EXPRESS,Propriedade em Uso,Manutenção residencial,
manusis4,Propriedade em Uso,Manutenção residencial,
decor em casa,Propriedade em Uso,Plataforma de reforma e decoração,
design here,Propriedade em Uso,Plataforma de reforma e decoração,
Decorafit,Propriedade em Uso,Plataforma de reforma e decoração,
Decore Certo,Propriedade em Uso,Plataforma de reforma e decoração,
,Propriedade em Uso,,
